query_track_id,similarity_score,rank,recommended_track_id,recommended_track_name,recommended_artist_names,recommended_acousticness,recommended_danceability,recommended_energy,recommended_instrumentalness,recommended_key,recommended_liveness,recommended_loudness,recommended_mode,recommended_speechiness,recommended_tempo,recommended_valence,weather_cluster,weather_cluster_similarity,assigned_weather_label
2SWqVCbl51UX5xgDHvE1uT,0.965967638433811,1,3T26BJ8XxWaxyxs8oGt8eR,25 in Barcelona,JP Saxe,2.1912899682459885,-0.6146781683970594,-1.32227974102671,-0.3021062115124368,-1.46621481928201,-0.5335374695965044,-1.436293508065397,0.904768399337362,-0.6085644604989554,-1.247235122215601,0.0253584395168785,0,-0.3399477027864328,cloudy
2SWqVCbl51UX5xgDHvE1uT,0.9574825693880132,2,3M8FzayQWtkvOhqMn2V4T2,Lean on Me,Bill Withers,1.847530164653264,-0.3884160141830499,-2.069162355767169,-0.3081888475184229,-1.46621481928201,-0.4416581135045083,-1.9350585630610493,0.904768399337362,-0.5846932250315742,-1.4708052921193202,-0.5082726320748792,0,-0.3487553861732066,cloudy
2SWqVCbl51UX5xgDHvE1uT,0.9438102656725824,3,78MI7mu1LV1k4IA2HzKmHe,Dream A Little Dream Of Me - Single Version,"Ella Fitzgerald, Louis Armstrong",2.3317509632623707,-1.595147503324433,-2.701559314233542,-0.3082535853490921,-1.46621481928201,-0.0019497664928126,-2.936030589993981,0.904768399337362,-0.31574397209908,-1.4250250004051892,-0.6471034799686696,0,-0.2372381373666545,cloudy
2SWqVCbl51UX5xgDHvE1uT,0.9413853120749804,4,1u42hFacJ1Bs8H9GX2O8z3,Any Major Dude Will Tell You,Steely Dan,2.03973994730726,-0.0044559949107913,-1.033339751382591,-0.3079070475496275,-0.9141521763440228,-0.6391987291022999,-2.37468522696876,0.904768399337362,-0.7541789968499802,-1.2941504624846278,-0.1742109043304455,0,-0.3021564363632246,cloudy
2SWqVCbl51UX5xgDHvE1uT,0.9315964992202564,5,40Fmr4mXhz4PtrMAPTnoXB,Destroy Myself Just For You,Montell Fish,2.298483885495333,-1.122053908149686,-2.2545200849728295,-0.1553852625083713,-1.46621481928201,-0.5335374695965044,-2.6187484282840727,0.904768399337362,-0.8226098718564728,-2.002764714847154,-1.5278116712949033,0,-0.3589871271039098,cloudy
1dlOr60VqwO8DIGn9TLeeu,0.9168145479330284,1,5veS4mRwlc4lOsfXKdhqZD,Lobby Kall,Smino,2.472211958278753,-0.2170052912936487,-1.660285011931151,0.0774533217472461,-1.46621481928201,1.0809140731628557,-1.719156500359042,0.904768399337362,1.9679375542803816,-1.1689167719277904,0.8843743108597073,0,-0.2356566534237993,cloudy
1dlOr60VqwO8DIGn9TLeeu,0.9131085147243772,2,1GjWE4T7qZNeIy1hgm98R9,Run It Up (feat. Sleepy Hallow & A Boogie Wit Da Hoodie),"Sheff G, Sleepy Hallow, A Boogie Wit da Hoodie",1.5961789104134216,-0.5392574503257229,-0.4227495845874716,-0.3082535853490921,-1.46621481928201,-0.6838258449184123,-0.9907217148948764,0.904768399337362,0.8459894873134683,-0.8390303873821645,0.7412049989692356,0,-0.2971095589508078,cloudy
1dlOr60VqwO8DIGn9TLeeu,0.9100817141993064,3,355Kys0DoS3tQ4HavJVFAh,Gone,Moonchild,1.9251533461096857,-0.5255445924945708,-0.9788227722044552,0.0023791987863227,-1.1901834978130166,0.6740197818983013,-1.1452950757279086,0.904768399337362,2.262349458378082,-1.2991721924547728,0.3811124872447166,0,-0.3259992774610386,cloudy
1dlOr60VqwO8DIGn9TLeeu,0.895045539368529,4,4I4f2h9A98RiKkIbdcKD1J,Matte Black UFO,Marigold,1.6516240400251516,-0.1552974310534643,-1.3004729493554557,0.7797771822005221,-1.1901834978130166,-0.5597887141942175,-1.570215367248671,0.904768399337362,0.607277132639657,-1.4368914171154634,0.9711435907933264,0,-0.3922403836835546,cloudy
1dlOr60VqwO8DIGn9TLeeu,0.8891351358512781,5,7DuqCAxfOEKBfQgrnWfHrh,Mambo Italiano,Dean Martin,1.884493584394417,0.5234890315885634,-1.469475584807676,-0.3082535853490921,-1.1901834978130166,-0.8787413360564325,-1.714462977256824,0.904768399337362,0.6948049960200545,-1.4232708344567138,0.4635433031816548,0,-0.3642776867662782,cloudy
3my33XXLpYUzVEeLOyftV2,0.9419361849574566,1,3kEegRRwwQnQ7sik2oRoaJ,Caffeine,Max Drazen,-0.2963481803336226,0.8937361930296699,-0.3736843033271494,-0.3082535853490921,1.5701297168769204,-0.9181182029530024,0.4902412746248369,0.904768399337362,-0.7350820084760752,-0.893031182266601,1.695667078239046,0,-0.3628136907571023,cloudy
3my33XXLpYUzVEeLOyftV2,0.9331811287722378,2,5EYBryPOgIEPB7r5QIy6eG,Fallin' All In You,Shawn Mendes,0.4540092404117876,1.2159883520617432,-0.6680759908890822,-0.3082535853490921,0.7420357524699394,-0.526974658447076,0.3012487443755431,0.904768399337362,-0.8329540738923379,-0.8899011998879491,1.1186513666804792,0,-0.3904923121440161,cloudy
3my33XXLpYUzVEeLOyftV2,0.9258760191320288,3,5zHRsJK0FIjoB9vA9MABGB,Fear of Heights,WizTheMc,-0.6933353083536081,0.9005926219452459,-0.0847443136830308,-0.3082467307552565,1.5701297168769204,-0.7494539564126952,0.8638457135613544,0.904768399337362,-0.418390284608819,-0.7874716666612911,0.9928359107767312,0,-0.3987795473956396,cloudy
3my33XXLpYUzVEeLOyftV2,0.915847302124492,4,0zgDfVY84eFIzgTvK9KutN,Kickback,Omar Apollo,0.7718946501857051,1.62051765808073,-0.8261752305056754,-0.3066596202746319,1.018067073938933,-0.7428911452632668,0.6751660848522084,0.904768399337362,-0.7653189067347581,-0.307518104994138,0.8713589188696644,0,-0.137123017580277,cloudy
3my33XXLpYUzVEeLOyftV2,0.913694589997006,5,105d0lOPEis24ZdvOllxJp,Right Track (feat. Smino),"Syd, Smino",-0.3628823358676984,0.8937361930296699,-0.2319401574639966,-0.3082535853490921,1.018067073938933,-0.1528944229296633,0.516837905537403,0.904768399337362,-0.5091009793848672,-0.1675631786344098,1.179389862634012,0,-0.1132919646718695,cloudy
3SAga35lAPYdjj3qyfEsCF,0.9132989809536198,1,1mbGClliIFnN06tuMdnkZn,Save Me The Trouble,Dan + Shay,-1.0229011587657302,-1.5882910744088568,0.1605820926185797,-0.3082535853490921,1.018067073938933,0.5230751254614507,1.0087191266498032,0.904768399337362,-0.8663738035466716,0.585627526065843,-0.7251958319089268,0,0.1918705264338296,cloudy
3SAga35lAPYdjj3qyfEsCF,0.9109397078857892,2,181yGUB8xEh4LfK8KhC4Wa,Siren sounds (bonus),Tate McRae,-0.9879337636905992,-1.8351225153695945,0.4495220822626989,-0.3082475467783322,0.4660044310009456,0.6280801038523032,0.4458092559238439,0.904768399337362,-0.7756631087706233,0.6763626196359978,-1.7707656551090367,0,0.2020408538034257,cloudy
3SAga35lAPYdjj3qyfEsCF,0.90732160331004,3,4i9TjoNNAjYEcgXJ1IX07u,Take It Slow,Isaac Dunbar,-0.941729489014158,-1.1769053394742943,0.4767805718517668,-0.3082535853490921,0.7420357524699394,0.5427635589097357,0.89920358759806,0.904768399337362,-0.2361731872078096,-0.2667251478393977,-0.6948265839321601,0,-0.1653824798646535,cloudy
3SAga35lAPYdjj3qyfEsCF,0.8907934677453785,4,2qApuf4yp1c6sTMj9BJ8bo,Ole Ass Kendrick,Smino,-0.518128698780542,-0.9574996141758608,-0.5917522200396922,-0.3082535853490921,1.2940983954079266,-0.1266431783319503,0.4123287911280252,0.904768399337362,-0.4915954067087877,-0.2159575215658762,-1.55818091927167,0,-0.1250053161488797,cloudy
3SAga35lAPYdjj3qyfEsCF,0.8901891730821322,5,2MIXhD9W7WL1Txd4Z7bU49,Party People,Vince Staples,-1.0358013922553928,-0.9232174695979808,-0.1992299699571158,0.3282444136674322,1.5701297168769204,0.0111758558060439,0.2843520612075599,0.904768399337362,-0.5329722148522484,-0.086183636789456,-1.9009195750094656,0,-0.0519798201815104,cloudy
2P6YMsU9jt22CXfizfudi3,0.952171103835575,1,0rx7xu0RmZLpJjKNVZjSVv,Love Hangover (feat. Dominic Fike),"JENNIE, Dominic Fike",-0.5957518802369638,-0.3335645828584415,0.9892401761262418,-0.3082535853490921,-1.46621481928201,-0.3825928131596536,0.5155862993768116,-1.1052552241351317,0.6868479175309276,1.0245129672922204,0.1641892874106687,0,0.5268587952130668,cloudy
2P6YMsU9jt22CXfizfudi3,0.917309592918642,2,6Y6f7LSvHxUA61ItYiSMKE,Money On My Mind,Lil Wayne,-0.9960657160336532,-0.964356043091437,0.9401748948659197,-0.3082535853490921,-1.1901834978130166,-0.5335374695965044,0.3616387416240756,-1.1052552241351317,1.824710141476095,1.1786731982935237,0.5112664071451454,0,0.3989779742992835,cloudy
2P6YMsU9jt22CXfizfudi3,0.8818209141058094,3,3zakx7RAwdkUQlOoQ7SJRt,"GRAVITY (FEAT. TYLER, THE CREATOR)","Brent Faiyaz, Dahi, Tyler, The Creator",-0.4257201494276589,-0.9232174695979808,0.106065113440444,-0.2738174115561468,-1.1901834978130166,-0.3104018905159425,-0.3401994129275232,-1.1052552241351317,0.9016890367373576,1.5823033434966218,-0.226272472290617,0,0.7364747345936893,cloudy
2P6YMsU9jt22CXfizfudi3,0.8818209141058094,4,6u3CPnFMKANYgfdiifFOiJ,"GRAVITY (FEAT. TYLER, THE CREATOR)","Brent Faiyaz, Dahi, Tyler, The Creator",-0.4257201494276589,-0.9232174695979808,0.106065113440444,-0.2738174115561468,-1.1901834978130166,-0.3104018905159425,-0.3401994129275232,-1.1052552241351317,0.9016890367373576,1.5823033434966218,-0.226272472290617,0,0.7364747345936893,cloudy
2P6YMsU9jt22CXfizfudi3,0.8777844070595222,5,2BJSMvOGABRxokHKB0OI8i,Shoota (feat. Lil Uzi Vert),"Playboi Carti, Lil Uzi Vert",-0.3480969679712372,-0.0181688527419434,0.2696160509748512,-0.3082535853490921,-1.1901834978130166,-0.4547837358033649,-0.24226123086125,-1.1052552241351317,0.4401784843679892,1.2096978587940082,-0.3173802162209171,0,0.8038643640283527,cloudy
70kdJnm1X6eEM8DbWa8Mnc,0.967862214767528,1,5OcjT1l4EgeG1D4DlUf7e5,Decisions,Big Ro6,-0.9761054693734302,0.8525976195362136,-0.8588854180125568,-0.308125741733905,-0.3620895334060354,-0.5401002807459326,-0.5363886786002169,0.904768399337362,2.0793366531281605,0.3143853168564997,-2.0050427109298083,0,0.1006691094989193,cloudy
70kdJnm1X6eEM8DbWa8Mnc,0.9230561643846328,2,6B2g1cVFDyBjAG8gfec3Bk,The Motto - Remix,"Kigity K, Drake, Lil Wayne",-1.0403700709353991,0.7017561833935406,-1.87290123072588,-0.3081986397953308,-1.1901834978130166,-0.5663515253436459,-2.5330134062835663,0.904768399337362,1.912238004856492,-0.6249533508466647,-1.3586115754243462,0,-0.1064090374967903,cloudy
70kdJnm1X6eEM8DbWa8Mnc,0.920486072369138,3,3p4WqtYWXEqO6iShUAZTAc,Got This,Russ,-0.7388003146352268,1.0788597737502224,-0.9024990013550652,-0.3082535853490921,-0.0860582119370417,-0.2382109678722312,-0.8336451417406625,0.904768399337362,2.174821594997684,0.2429460487195729,-0.7338727599022887,0,0.1025558498022353,cloudy
70kdJnm1X6eEM8DbWa8Mnc,0.9192388688813152,4,1nmk4zIiNEbZYJ4eJpajnV,no way (feat. Jamie Foxx),"Roddy Ricch, Jamie Foxx",-0.8463638660819826,0.8320283327894854,-0.3845876991627766,-0.3082535853490921,-1.1901834978130166,-0.0282010110905258,-0.6465300207322556,0.904768399337362,1.6496544147152996,0.582875893205489,-1.263165367497365,0,0.2410629585939134,cloudy
70kdJnm1X6eEM8DbWa8Mnc,0.8947328686392125,5,2WrldKXSBVbNNm3A9vJryi,Dance Now (feat. Kenny Mason),"JID, Kenny Mason",-0.6948138451432543,0.7291818990558447,-0.6735276888068957,-0.3081339019646616,-1.1901834978130166,-0.1922712898262331,-1.0367182412966085,0.904768399337362,0.7823328594004519,0.5888262992660035,-1.185073015557108,0,0.2928110569317755,cloudy
0o96RPgCulsYKqZK3u14nM,0.9243828488477815,1,0sYfwwEy0UyNizk6na4zGm,Just Like You,Emotional Oranges,-1.0267823178385511,0.317796164121282,0.4549737801805125,-0.3047610065852579,-1.1901834978130166,-0.43509530235508,0.1476140881629549,0.904768399337362,-0.854438185812981,-0.5802737122766751,-0.0917800883935073,0,-0.3573114868450754,cloudy
0o96RPgCulsYKqZK3u14nM,0.9207307646363312,2,6bUNEbXT7HovLW6BgPCBsb,Roses,Outkast,-0.8648455759525592,0.5166326026729874,0.5912662281258512,-0.3081529425030938,-1.46621481928201,-0.5532259030447892,0.6276050507497374,0.904768399337362,-0.6857481218434877,-0.3073117325296115,-0.1481801203503598,0,-0.2131357716946006,cloudy
0o96RPgCulsYKqZK3u14nM,0.9133354179370422,3,3pE6Hl7fH4sbjmF9p8gzb5,Rizzla - Mochakk Remix,"The Martinez Brothers, Rema, Gordo, Mochakk",-1.042251509000224,0.9965826267633098,0.7439137698246311,-0.3062679291983141,-1.46621481928201,-0.9082739862288598,0.5550118934354391,0.904768399337362,-0.4701112947881447,0.3812843907738436,0.1121277194504972,0,0.1665201984997124,cloudy
0o96RPgCulsYKqZK3u14nM,0.9104108221891613,4,3E4rKEdLtjQF9mfOhuAgSu,lost cause// (feat. Jesse),"KennyHoopla, Jesse®",-0.8740864308878474,0.756607614718149,0.1769371863720205,0.0785413525147956,-1.46621481928201,-0.4941606026999345,0.3312872922297356,0.904768399337362,-0.6515326843402415,-0.0658215536228404,0.5893587590854026,0,-0.0548719211538542,cloudy
0o96RPgCulsYKqZK3u14nM,0.910267240895406,5,2cc8Sw1OnCuA5bV8nqWqpE,You,"Regard, Troye Sivan, Tate McRae",-0.8241858142372905,0.1052468677384246,0.5203941551942748,-0.3082535853490921,-1.46621481928201,-0.830832814665606,0.6441888323775727,0.904768399337362,-0.8273841189499489,-0.4072647961819514,-0.126487800366955,0,-0.2629072878695033,cloudy
3gJDgenxLephg09x86IxPs,0.9519337695519868,1,4NeOWqHmlrGRuBvsLJC9rL,My Love (feat. T.I.),"Justin Timberlake, T.I.",-0.0191225322749735,0.6537611809845083,0.4386186864270718,-0.3081893915338067,1.5701297168769204,3.220390507876479,0.5562634995960304,-1.1052552241351317,0.6629766820635463,0.0704186683754104,1.1490206146572457,0,0.0136732322325585,cloudy
3gJDgenxLephg09x86IxPs,0.9500375342136153,2,1rdr5D1dSqbEmLa97l36NZ,POP SONG,Kenshi Yonezu,-0.0523896100420114,0.605766178575476,1.1200809261537674,-0.3082193667814527,1.5701297168769204,4.893907350980694,0.3719644924489544,-1.1052552241351317,-0.1804736377839204,-0.2727443447214213,1.2618206785709505,0,-0.0519338647261583,cloudy
3gJDgenxLephg09x86IxPs,0.9363850425712732,3,7HytU9V8vMCUayply0lYBq,Champagne and Pools (feat. Blackbear & Kyle),"Hoodie Allen, blackbear, Kyle",0.8753922254609342,-0.4501238744232343,0.2260024676323426,-0.3082535853490921,1.018067073938933,4.664208960750703,1.0346899544820731,-1.1052552241351317,1.0130881355851364,-1.736681817250974,1.3399130305112077,0,-0.3276060286326955,cloudy
3gJDgenxLephg09x86IxPs,0.9349916347465256,4,2aYHxnMF2umAavtgBvmkY1,Thought I Was Dead (feat. ScHoolboy Q & Santigold),"Tyler, The Creator, ScHoolboy Q, Santigold",0.2950665355248287,0.6469047520689322,1.4144726137156995,-0.3082535853490921,1.2940983954079266,3.1613252075316245,1.3382044484254754,-1.1052552241351317,1.0687876850090257,0.40811281116229,0.4201586632148452,0,0.0830142812367272,cloudy
3gJDgenxLephg09x86IxPs,0.9152958016229314,5,05a4pf6pLGNuIOR04EpqMM,Only One to Blame,Samm Henshaw,1.2635081327430429,-0.4569803033388103,-0.2919088345599459,-0.3080093224417772,1.2940983954079266,2.7150540493705004,0.9752386618539844,-1.1052552241351317,0.6391054465961652,-1.0343275296457517,0.6717895750223404,0,-0.3125577864683658,cloudy
3dAk7Z16rv38qRM3MIhCIX,0.9528127871854905,1,2bydO0jZES9rBvSnPvYN5L,Lemonhaze,PawPaw Rod,0.4909726601529406,0.9485876243542776,-0.379136001244963,-0.2869825838434972,-0.9141521763440228,-0.0413266333893824,0.0033664781548021,-1.1052552241351317,-0.6507369764913286,-0.5614594225940084,0.8756973828663454,0,-0.3253876371636478,cloudy
3dAk7Z16rv38qRM3MIhCIX,0.9117316932570856,2,5gOyjqIifZ9NqVcaIIlqv7,god of the sunsets,SEB,0.5316324218682092,0.7360383279714208,0.1115168113582576,-0.3082463499444879,-1.46621481928201,-0.2578994013205161,-0.1027071439553147,-1.1052552241351317,-0.5926503035207012,-0.5473229087739424,1.2314514305941835,0,-0.2954537096524636,cloudy
3dAk7Z16rv38qRM3MIhCIX,0.9095925263293252,3,72jA4yrxxWkefvFUujVaN7,Rendezvous,Jenevieve,0.6573080489881303,1.044577629172342,0.6076213218792919,-0.2271952931666458,-1.1901834978130166,-0.2053969121250897,0.9114067476638256,-1.1052552241351317,-0.7024579866706544,-0.2719188548633152,1.3052053185377597,0,-0.1429532947903737,cloudy
3dAk7Z16rv38qRM3MIhCIX,0.9041414103474004,4,2QrcZL76Rm0uoLlAERAn8U,Strawberry Lemonade,Fulton Lee,0.1435165145861005,1.483389079769209,0.0024828530019862,-0.3073886008888902,-1.46621481928201,-0.3300903239642274,-0.1778035135907957,-1.1052552241351317,-0.7390605477206388,-0.6500620006973903,1.877882566099646,0,-0.2343214069805578,cloudy
3dAk7Z16rv38qRM3MIhCIX,0.9004698071408741,5,4l5e4G1RzrfWWFgehoEgAH,Start Again,"Connor Price, Chloe Sagum",0.0880713849743707,1.3531169303732642,0.5203941551942748,-0.3082535853490921,-1.1901834978130166,0.194934567990036,0.0722048169873263,-1.1052552241351317,-0.8329540738923379,-0.1005265230740485,0.2986816713077784,0,-0.0539979536794549,cloudy
5kukZPbylK4zbZ5xrL1mfV,0.9522802465603896,1,5gg0duuWZ3NnbXszX2WlMA,LIFESTYLE,Joony,1.8401374807050332,-0.0318817105730955,-0.946112584697574,-0.3082535853490921,-0.3620895334060354,-0.5794771476425025,-0.4544084750814839,-1.1052552241351317,1.7928818275195866,1.7298596556330772,1.175051398637331,0,0.4997283831950924,cloudy
5kukZPbylK4zbZ5xrL1mfV,0.931187543937502,2,5jV69hGG74K847yuvYzlHp,Business As Usual (9 - 5 mix),"Eliza Rose, MJ Cole",1.507466703034654,-0.3404210117740175,-0.755303157574099,-0.3082535853490921,1.2940983954079266,-0.4875977915505062,-7.543878682404927e-05,-1.1052552241351317,1.108573077454661,2.1514786006607363,0.3680970952546737,0,0.7045017523741767,cloudy
5kukZPbylK4zbZ5xrL1mfV,0.9010342958675088,3,0ztiCkVBqBCPVo0lAMuYu4,moveOn,Jordan Ward,1.355916682095926,0.2492318749655215,-1.7638672723696085,-0.2484118931338633,1.2940983954079266,-0.600478143320673,-0.8868384035657948,-1.1052552241351317,2.1986928304650655,1.449846616681357,0.6934818950057451,0,0.4099910725791552,cloudy
5kukZPbylK4zbZ5xrL1mfV,0.8902724746130253,4,3lLT1GM0h5bJXv0lToc4zw,Murda She Wrote,Sleepy Hallow,1.8660118745238403,-0.4569803033388103,-1.333183136862337,-0.3082535853490921,0.7420357524699394,-0.6628248492402417,-1.076769638435532,-1.1052552241351317,0.7027620745091816,2.000448352038086,0.6023741510754455,0,0.5982070353639651,cloudy
5kukZPbylK4zbZ5xrL1mfV,0.8902724746130253,5,4kF9Ep004toNzuHLznnjLC,Murda She Wrote (Outro),Sleepy Hallow,1.8660118745238403,-0.4569803033388103,-1.333183136862337,-0.3082535853490921,0.7420357524699394,-0.6628248492402417,-1.076769638435532,-1.1052552241351317,0.7027620745091816,2.000448352038086,0.6023741510754455,0,0.5982070353639651,cloudy
08vlprFBmwh9TQnjXUtZDG,0.91447121742662,1,6TaatvqYYqQ9wS9oZsnUR7,Last Dance,LEISURE,1.019549562451432,0.9760133400165816,-0.3137156262312001,2.7654333329785676,1.5701297168769204,-0.6241042634586148,-0.1803067259119781,-1.1052552241351317,-0.8456853994749413,-0.6170080109623943,0.7542203909592785,0,-0.1723701423518969,cloudy
08vlprFBmwh9TQnjXUtZDG,0.910174449798035,2,2YIIDMcF9zWJ2xcFSA99lH,Charge It,ENNY,0.2396214059130988,0.7360383279714208,-0.3137156262312001,2.9177576404355134,0.7420357524699394,0.0636783450014703,0.2708972949812028,-1.1052552241351317,-0.2123019517404284,0.3144541076780084,0.342066311274588,0,0.0967634739023238,cloudy
08vlprFBmwh9TQnjXUtZDG,0.9087100260051644,3,38dNnsL9yYygLYiX5ORf6B,FRENCH BOSSA NOVA,"Ladji Mouflet, aupinard, gracegrace",1.6368386721286905,1.0994290604969503,-0.1719714803680479,1.8297268728858995,-0.3620895334060354,-0.4219696800562234,-0.1662261566053255,-1.1052552241351317,-0.291872736631699,-0.61370605152997,-0.1438416563536788,0,-0.2094957034823322,cloudy
08vlprFBmwh9TQnjXUtZDG,0.906568807272342,4,4JLBaHFkjxnbf9X0D8G3zQ,Glory of the Snow,Clairo,1.6738020918698435,0.3795040243614664,-0.2701020428886916,1.6882828731044497,-0.0860582119370417,-0.5794771476425025,-0.3304994651829401,-1.1052552241351317,-0.8202227483097347,0.003106849529014,0.1945585353874354,0,0.0122693297933302,cloudy
08vlprFBmwh9TQnjXUtZDG,0.8988192070596902,5,1w327AHTCoChRIkJUprAnV,Mirage,Orion Sun,2.172808258375412,0.050395436413817,-0.717141272149404,3.35296994745536,1.018067073938933,-0.546663091895361,-0.7507262336014855,-1.1052552241351317,-0.5281979677587721,-0.0278490201499626,-0.3173802162209171,0,0.0067668557967983,cloudy
6w7eHZFNdOpg2teEBCqjy2,0.972046535997906,1,4tGZWc5ZBr4DF03KH8Qh0B,CRAZY (Vamos Remix),LE SSERAFIM,-0.9509703439494462,0.619479036406628,1.5344099679075982,-0.3042550722783473,1.5701297168769204,-0.5138490361482194,1.961817217940115,-1.1052552241351317,-0.819427040460822,0.4170556179584384,1.2314514305941835,0,0.0883501809738204,cloudy
6w7eHZFNdOpg2teEBCqjy2,0.955111035404292,2,33w1uIU0I4x9X6oV15wUsX,Can't Get over Me,Take Van,-0.8300999613958752,1.1474240629059829,1.3054386553594282,-0.2369875700745924,1.5701297168769204,-0.5729143364930741,1.2984659528267004,-1.1052552241351317,-0.609360168347868,0.2445626330250305,1.5351439103618505,0,0.0559895346846876,cloudy
6w7eHZFNdOpg2teEBCqjy2,0.9459434686347092,3,4z5G0VxaTklm6eLFtmYhJa,Goodness Gracious,"BABY GRAVY, Yung Gravy, bbno$",-0.4220238074535435,0.4480683135172268,1.4035692178800725,-0.3082535853490921,1.5701297168769204,-0.6247605445735576,1.208350309264123,-1.1052552241351317,-0.776458816619536,1.273810904440244,1.279174534557674,0,0.4177056812804085,cloudy
6w7eHZFNdOpg2teEBCqjy2,0.9404189418114912,4,6CIt7KJVCgSz0mle8HzjBl,like JENNIE,JENNIE,-0.4774689370652734,0.8388847617050614,0.5094907593586476,-0.3081953757030282,1.2940983954079266,-0.5860399587919307,0.7480721437066546,-1.1052552241351317,-0.4971653616511766,0.417502758298246,1.014528230760136,0,0.1938114019174252,cloudy
6w7eHZFNdOpg2teEBCqjy2,0.9404189418114912,5,64mkGGjNPesMM0t9u4Xmfs,like JENNIE,JENNIE,-0.4774689370652734,0.8388847617050614,0.5094907593586476,-0.3081953757030282,1.2940983954079266,-0.5860399587919307,0.7480721437066546,-1.1052552241351317,-0.4971653616511766,0.417502758298246,1.014528230760136,0,0.1938114019174252,cloudy
4AZk9awBXJRVaLS7gOsaMO,0.9080117793836388,1,4vyQ2NdodXhtMGsaaMBqSt,M.I.A,KATSEYE,-0.932118999881458,0.4137861689393466,1.599830342921361,-0.2869281823051197,-1.1901834978130166,0.5887032369557338,0.876361775167268,0.904768399337362,0.4879209553027515,0.3482304010388471,0.5459741191185931,0,0.1263116409996461,cloudy
4AZk9awBXJRVaLS7gOsaMO,0.8941725282896726,2,46576CnmgT6xr0RaZNF2Kt,Scream,"Michael Jackson, Janet Jackson",-0.6767017694700893,0.7291818990558447,1.997804290921751,-0.3081937436568769,-1.46621481928201,0.3918189024728848,1.1779988598697828,0.904768399337362,-0.2043448732513014,-0.3912709301811468,-0.0050108084598881,0,-0.1780884232992154,cloudy
4AZk9awBXJRVaLS7gOsaMO,0.8658335646527084,3,29TPjc8wxfz4XMn21O7VsZ,Sky,Playboi Carti,-0.0893530297831646,0.7497511858025729,1.6543473220994966,-0.3082535853490921,-0.9141521763440228,-0.146331611780235,1.0872574132269102,0.904768399337362,0.5515775832157677,0.7592899549649004,0.0947738634637733,0,0.2943019293840372,cloudy
4AZk9awBXJRVaLS7gOsaMO,0.860754479443702,4,7kaIn88Hw1UA054Xy3mdJR,Genius,"Mc Melodee, Mac Miller",-0.6733750616933855,0.5577711761664437,1.4199243116335132,-0.3082535853490921,-0.9141521763440228,-0.1332059894813784,-0.3170446989565834,0.904768399337362,0.7186762314874358,-0.6163201027473055,-0.1611955123404027,0,-0.2942051323896908,cloudy
4AZk9awBXJRVaLS7gOsaMO,0.8583500826236174,5,4h7qcXBtaOJnmrapxoWxGf,Isis (feat. Logic),"Joyner Lucas, Logic",-0.2815628124371614,1.4285376484446006,1.8342533533873444,-0.3082535853490921,-1.1901834978130166,0.4640098251165961,1.166421502884313,0.904768399337362,0.2094232081833049,0.0722072297346404,0.932097414823198,0,0.0030127262858865,cloudy
5LyKocU0lhUBlXrFKDxbBO,0.8968572109217631,1,4xDovWrB1bJtRietj7JGGu,Go Away,Omar Apollo,-0.8855450910076049,-0.2855695804494092,-0.1719714803680479,-0.3082435210644923,-0.0860582119370417,1.7371951881056846,-0.030739789721312,-1.1052552241351317,-0.8377283209858142,0.2056958188725379,-0.7555650798856935,0,0.0869143570150078,cloudy
5LyKocU0lhUBlXrFKDxbBO,0.886396767692599,2,6SHoc3aoxIxmktCDitqx8f,VANITY,Tommy Richman,-0.8681722837292629,0.6948997544779645,0.5258458531120883,-0.3081143174108458,0.1899731095319519,0.9037181721282918,0.1932977130245391,-1.1052552241351317,-0.5632091131109311,0.0049642017097526,-1.4497193193546465,0,-0.0055177756132784,cloudy
5LyKocU0lhUBlXrFKDxbBO,0.8852868012967587,3,2KLwPaRDOB87XOYAT2fgxh,Pussy & Millions (feat. Travis Scott),"Drake, 21 Savage, Travis Scott",-0.817532398683883,0.4892068870106831,0.1006134155226305,-0.3082535853490921,-0.3620895334060354,1.2187331073008496,0.3046906613171694,-1.1052552241351317,-0.2361731872078096,0.143956056568357,-0.7208573679122459,0,0.0672372208970122,cloudy
5LyKocU0lhUBlXrFKDxbBO,0.8539999772180994,4,1xNAaHsB48ycHgncrQAWgw,Barcelona,"Kota the Friend, Samm Henshaw",-0.5587884604958105,0.8731669062829417,-0.2755537408065052,-0.3082535853490921,-0.3620895334060354,1.113728128909997,0.0027406750745063,-1.1052552241351317,-0.6841567061456623,-0.1002857551987674,-1.1980884075471507,0,-0.0493806038784506,cloudy
5LyKocU0lhUBlXrFKDxbBO,0.8539999772180994,5,04hxf6171aKFM67gNkOfKt,Barcelona (feat. Samm Henshaw),"Kota the Friend, Samm Henshaw",-0.5587884604958105,0.8731669062829417,-0.2755537408065052,-0.3082535853490921,-0.3620895334060354,1.113728128909997,0.0027406750745063,-1.1052552241351317,-0.6841567061456623,-0.1002857551987674,-1.1980884075471507,0,-0.0493806038784506,cloudy
2FeaWWfbpM70QgZQnScloz,0.9579576449404948,1,6NjWCIYu1W8xa3HIvcIhd4,Nasty,Tinashe,-0.4331128333758895,1.7507898074766748,-1.0278880534647774,-0.3082249701399056,0.7420357524699394,-0.3760300020102253,-0.24226123086125,0.904768399337362,-0.5536606189239788,-0.6157697761752352,-0.122149336370274,0,-0.2584754308717791,cloudy
2FeaWWfbpM70QgZQnScloz,0.945799210863828,2,2jAn0rAOyLW6hIEuIDNcoT,Appletree,Erykah Badu,-0.748041169570515,1.35997335928884,-0.8152718346700483,-0.3077726757498352,0.4660044310009456,-0.7816117310448938,-0.8968512528505256,0.904768399337362,-0.574349022995709,-0.7925277920421908,0.3290509192845451,0,-0.3043072161823653,cloudy
2FeaWWfbpM70QgZQnScloz,0.945242851268604,3,0zhvNApNgGqF7JXA08ayW1,Room For Error,Raury,-0.9317493656840464,1.5176712243470891,-1.1532771055744893,-0.2586937838872072,1.018067073938933,-0.7133584950908395,-1.073327721493906,0.904768399337362,-0.5687790680533201,0.0372958878189058,0.4982510151551025,0,0.0448276271503847,cloudy
2FeaWWfbpM70QgZQnScloz,0.9441831106083534,4,4w5W4KpJfgi7467R8autpe,HOW YOU DOIN?,DIRTYXAN,-0.6031445641851944,1.4696762219380568,-0.7825616471631669,-0.308241617010649,0.7420357524699394,-0.211959723274518,0.0277727982863333,0.904768399337362,-0.1566024023165392,-0.4101884060960767,0.3594201672613118,0,-0.2148904917535481,cloudy
2FeaWWfbpM70QgZQnScloz,0.9440215669495502,5,4BH9zDv1Ys6kw0j3lU1hTx,Particular Taste,Shawn Mendes,-0.9080927770497084,2.0044776773529875,-1.3495382306157775,-0.3076714888884531,1.018067073938933,-0.8111443812173211,0.1679526882725645,0.904768399337362,-0.1566024023165392,-0.2042286864986198,0.2422816393509259,0,-0.0784176882556909,cloudy
2FdDv1zi70hiOBOAsQeaXf,0.9785760200912104,1,6p9Uv5E5azd1tRfl70rb4R,Something Like That (feat. KIRBY),"Ni'jah, KIRBY",-0.4700762531170428,-0.5118317346634187,0.4767805718517668,-0.3078831108727415,-1.1901834978130166,-0.5401002807459326,0.1898557960829132,0.904768399337362,-0.797942928540179,-0.1315511835745339,-1.5495039912783082,0,-0.077366172817201,cloudy
2FdDv1zi70hiOBOAsQeaXf,0.9675370688167444,2,3eeU7oRuEUbFHMrsJ8rvpk,What Should I Say,The 1975,-0.7018368948940735,0.0024004340047846,0.335036425988614,-0.2653851731076373,-1.1901834978130166,-0.5860399587919307,-0.3912023639716208,0.904768399337362,-0.7366734241739007,-0.4436551407601257,-1.727381015142227,0,-0.1923906503193254,cloudy
2FdDv1zi70hiOBOAsQeaXf,0.9639877116457876,3,5WPYImh8k1kFyooMlSHUrq,Good For Now (feat. Lucky Daye),"Chiiild, Lucky Daye",-0.654893351822809,-0.4295545876765061,0.2532609572214104,-0.268975674640551,-1.46621481928201,-0.4219696800562234,-0.2525869816861285,0.904768399337362,-0.9172991058770846,-0.2036439645157948,-0.8900574637828029,0,-0.1192864084010687,cloudy
2FdDv1zi70hiOBOAsQeaXf,0.946894251385784,4,0473eYP1NpH5ht9IRBN8IN,A Different Side Of Us,"Polo & Pan, PawPaw Rod",-0.7746548317841453,-0.4364110165920822,0.3950051030845632,-0.3080969089185649,-1.46621481928201,-0.7402660208034956,0.2727747042220899,0.904768399337362,-0.1645594808056663,-0.9601710240592256,-1.6926733031687795,0,-0.4238111294088331,cloudy
2FdDv1zi70hiOBOAsQeaXf,0.9398998622250808,5,1bPJ6Ay1La8IYPCuCvQA7k,coachella,lovelytheband,-0.7975721520236603,-0.7723760334553085,0.2532609572214104,-0.3034716901257115,-0.9141521763440228,-0.6798881582287553,0.2533748087329239,0.904768399337362,-0.8711480506401478,-0.0994602653406614,-1.1069806636168509,0,-0.0671783173620011,cloudy
71DSaeKtXQaMAqnvMT7Uoc,0.874695896646518,1,37CoOXIsgF3NzbK1zHZetk,Mona Lisa (Spider-Man: Across the Spider-Verse),Dominic Fike,-0.1891542630842783,0.5714840339975957,0.2532609572214104,-0.3082535853490921,-1.1901834978130166,-0.1988341009756614,0.0174470474614548,0.904768399337362,-0.1645594808056663,-0.2360100460357021,-0.4258418161379409,0,-0.2594571521876623,cloudy
71DSaeKtXQaMAqnvMT7Uoc,0.8702706746059501,2,0FtuxFKzjbVCQAA3UQZXll,Crush,Souly Had,0.217443354068407,0.5509147472508675,-0.4500080741765394,-0.3081077892262405,-1.46621481928201,-0.5794771476425025,-0.1449488518752727,0.904768399337362,-0.326883881983858,-0.2696831531642781,-1.1980884075471507,0,-0.1638403711599061,cloudy
71DSaeKtXQaMAqnvMT7Uoc,0.8557832886021419,3,0nloqq9120o9efxFTV95bA,WHAT DA HOE CRIED,Eem Triplin,0.5205433959458633,-0.3541338696051697,0.0679032280157491,-0.3076986896576418,-0.9141521763440228,-0.4744721692516497,-0.7954711538426265,0.904768399337362,-0.0054179110231252,-0.7553119576059104,-1.1503653035836603,0,-0.3891516787614079,cloudy
71DSaeKtXQaMAqnvMT7Uoc,0.8551621324637345,4,3eeU7oRuEUbFHMrsJ8rvpk,What Should I Say,The 1975,-0.7018368948940735,0.0024004340047846,0.335036425988614,-0.2653851731076373,-1.1901834978130166,-0.5860399587919307,-0.3912023639716208,0.904768399337362,-0.7366734241739007,-0.4436551407601257,-1.727381015142227,0,-0.1923906503193254,cloudy
71DSaeKtXQaMAqnvMT7Uoc,0.8508887195460659,5,3ZgJHkNkRrD7HLV42pD4Mt,Do Not Answer,KYLE,0.5020616860752867,0.7840333303804531,-0.0356790324227087,-0.3082535853490921,-1.46621481928201,-0.6293545123781574,-0.8399031725436191,0.904768399337362,-0.6610811785271938,0.552951885849145,-1.950811910971296,0,0.2359127367848058,cloudy
6jlG8gBPNAgBgoivw2Ig09,0.9511355039788236,1,3Tfq9rhFo6Cr0WbQd90f3H,Two Seater,Willow Kayne,-0.3259189161265452,0.7086126123091167,-0.580848824204065,-0.3082266565875953,0.4660044310009456,-0.43509530235508,-0.2744900894964772,0.904768399337362,0.3844789349440998,-0.6852485058991601,-0.0353800564366549,0,-0.4783741285298592,cloudy
6jlG8gBPNAgBgoivw2Ig09,0.9415047650311584,2,0oufSLnKQDoBFX5mgkDCgR,Trust,Brent Faiyaz,-0.1891542630842783,0.605766178575476,-1.120566918067608,-0.3077438429344951,0.7420357524699394,-0.4875977915505062,-0.2816868249198773,0.904768399337362,0.0900670308463991,-0.8906922943353006,-0.3390725362043217,0,-0.5052789049164462,cloudy
6jlG8gBPNAgBgoivw2Ig09,0.9136748502574656,3,6NjWCIYu1W8xa3HIvcIhd4,Nasty,Tinashe,-0.4331128333758895,1.7507898074766748,-1.0278880534647774,-0.3082249701399056,0.7420357524699394,-0.3760300020102253,-0.24226123086125,0.904768399337362,-0.5536606189239788,-0.6157697761752352,-0.122149336370274,0,-0.2584754308717791,cloudy
6jlG8gBPNAgBgoivw2Ig09,0.9135554371712438,4,3u8bblcJtOxxmGzJrviWLp,Movie Star (feat. Pharrell Williams),"Jack Harlow, Pharrell Williams",-1.025969122604246,1.0514340580879182,-0.6081073137931329,-0.3082535853490921,0.7420357524699394,-0.5532259030447892,0.1200787526299452,0.904768399337362,0.3367364640093375,-0.849761755537543,0.0340353675102404,0,-0.4410035743526458,cloudy
6jlG8gBPNAgBgoivw2Ig09,0.9044157992818505,5,4w5W4KpJfgi7467R8autpe,HOW YOU DOIN?,DIRTYXAN,-0.6031445641851944,1.4696762219380568,-0.7825616471631669,-0.308241617010649,0.7420357524699394,-0.211959723274518,0.0277727982863333,0.904768399337362,-0.1566024023165392,-0.4101884060960767,0.3594201672613118,0,-0.2148904917535481,cloudy
0EWG5cpMUT0Jp0Pye9S0Ne,0.9401910780364168,1,3ZFQodypxQK1Tpi0z621vP,Nettle Leaves,MF DOOM,-0.4885579629876194,0.7771769014648771,1.1473394157428354,4.805491022134094,-0.6381208548750291,0.9234066055765766,1.1620408813222434,-1.1052552241351317,-0.7326948849293372,-0.4938036496400675,1.283512998554355,0,-0.10260142261981,cloudy
0EWG5cpMUT0Jp0Pye9S0Ne,0.9048018633242604,2,76xBSoNvX17h6qX5OL6DLP,Disco Distances,Teuteu,-1.0108880473498556,0.2149497303876413,1.637992228346056,4.294116561385776,-0.9141521763440228,-0.415406868906795,0.7743558730790729,-1.1052552241351317,-0.8631909721510207,0.1770100463033529,0.6414203270455736,0,0.0259979779909881,cloudy
0EWG5cpMUT0Jp0Pye9S0Ne,0.8936878946002185,3,2ktXMg2y8lWaHooulEu9FM,In the 6th,Trombone Shorty,-0.9535577833313268,0.1395290123163048,2.0523212700998865,4.767409945269858,-0.3620895334060354,3.1678880186810527,1.021235188255717,-1.1052552241351317,-0.714393604404345,-0.7538673503542248,1.196743718620736,0,-0.1250380009434942,cloudy
0EWG5cpMUT0Jp0Pye9S0Ne,0.8931970007715334,4,6hPSal3ragmfUt1I5mKZjn,Mojo So Dope,Kid Cudi,0.9788898007361634,-0.4226981587609301,1.011046967797496,4.283236253710279,0.1899731095319519,1.028411583967429,-0.1768648089703521,-1.1052552241351317,-0.5838975171826615,2.137032528143881,1.3442514945078885,0,0.405992668351764,cloudy
0EWG5cpMUT0Jp0Pye9S0Ne,0.8851619721938134,5,7IwPrc0AZV9uMSPitvJMxx,Shameful Game,Pale Jay,-0.3259189161265452,-0.1347281443067362,-0.1774231782858615,4.283236253710279,-1.46621481928201,-0.2841506459182293,0.1341593219365979,-1.1052552241351317,-0.8926321625607908,0.8929849165673244,0.4765586951716977,0,0.1945551889888177,cloudy
5uRTAG2Fs6rQt41HwaIx53,0.941210922141878,1,4DiNls6kFmF1ZittKsPsTc,Mr. Telephone Man,New Edition,-0.5735738283922718,0.3520783086991622,-0.8152718346700483,-0.3082535853490921,-0.9141521763440228,-0.8984297695047174,-1.7714110575637303,0.904768399337362,-0.8878579154673145,-0.8208696105038314,1.5264669823684889,0,-0.2292327541973056,cloudy
5uRTAG2Fs6rQt41HwaIx53,0.9292559775559532,2,1hQFF33xi8ruavZNyovtUN,"December, 1963 (Oh What a Night!)",The Four Seasons,-0.8256643510269368,0.4206425978549227,-0.569945428368438,-0.3082039711460919,-1.1901834978130166,-0.899742331734603,-1.8242914178487153,0.904768399337362,-0.9045677802944814,-0.4641892009805132,1.838836390129517,0,-0.1031970913409575,cloudy
5uRTAG2Fs6rQt41HwaIx53,0.9284218198065564,3,7oOOI85fVQvVnK5ynNMdW7,Rock with You - Single Version,Michael Jackson,-0.3813640457382751,0.907449050860822,-0.3518775116558951,-0.3077144661037713,-1.1901834978130166,-0.2185225344239463,-1.5214027269856087,0.904768399337362,-0.8385240288347269,-0.1332365587015001,1.3225591745244836,0,-0.0048575070856398,cloudy
5uRTAG2Fs6rQt41HwaIx53,0.9208156890096064,4,69NsH50CIBvJiJE1jyzIYt,What In The Funk Do You See,Wild Cherry,-0.9565148569106192,0.1258161544851527,-0.6844310846425229,-0.1999945239779055,-0.9141521763440228,-0.8715222437920614,-2.20258937988745,0.904768399337362,-0.840911152381465,-0.5526541974408773,1.6783132222523225,0,-0.1173092604539857,cloudy
5uRTAG2Fs6rQt41HwaIx53,0.9151784936903038,5,2T43UrvAg60ubJVo5KQ3t7,Come and Get Your Love (Rerecorded),Redbone,-0.2039396309807396,0.8046026171271813,-0.6462691992178279,-0.301344589975152,-0.9141521763440228,-0.861678027067919,-2.061157883740628,0.904768399337362,-0.897406409654267,-0.3494805061145283,1.85185178211956,0,-0.057765734733676,cloudy
2Nq4SFbvYYZa8AF7lD7CWU,0.9660354965674904,1,3awweDjWIuXNMogMClJnvE,Sexy to Someone,Clairo,0.2581031157836754,0.2766575906278257,-0.2973605324777594,-0.2881794176878017,-1.46621481928201,-0.592602769941359,0.2220846547181403,-1.1052552241351317,-0.8576210172086318,-0.6767184440320642,1.2271129665975025,0,-0.3716706790382105,cloudy
2Nq4SFbvYYZa8AF7lD7CWU,0.9137288097118864,2,10QawadmmX0JbsBvJ8mMjQ,Sugar Walls,Masego,1.219152029053659,-0.2855695804494092,-0.4009427929162172,-0.2527640162040618,-1.1901834978130166,-0.4219696800562234,-0.8205032770544534,-1.1052552241351317,-0.6968880317282654,-1.070545897170154,0.8062819589194501,0,-0.4523880821611812,cloudy
2Nq4SFbvYYZa8AF7lD7CWU,0.913524668301592,3,384TJj6XyHUyNlCbdgm6Sz,MANGO (feat. Adi Oasis),"KAMAUU, Adi Oasis",0.1989616441978304,-0.0524509973198236,0.0297413425910541,-0.307132913658516,-0.9141521763440228,-0.5007234138493629,0.0158825397607156,-1.1052552241351317,-0.7581575360945437,-1.2004917590003468,1.4483746304282314,0,-0.5619525473746491,cloudy
2Nq4SFbvYYZa8AF7lD7CWU,0.9083453447450496,4,7k7FysnCT4k6dWvrMqwue8,Demeanor (feat. Dua Lipa),"Pop Smoke, Dua Lipa",0.1989616441978304,-0.0044559949107913,0.0460964363444948,-0.3082535853490921,-0.6381208548750291,-0.5335374695965044,0.2267781778203578,-1.1052552241351317,-0.299829815120826,-0.6204819474485905,0.8019434949227691,0,-0.5012762981919312,cloudy
2Nq4SFbvYYZa8AF7lD7CWU,0.9081113348250316,5,3SH1vOTwgg5Ma1NhHaXvrA,Echo,The Marías,0.9160519871762028,0.4892068870106831,-0.7989167409166076,-0.3039776244326221,-0.9141521763440228,-0.5663515253436459,0.2424232548277496,-1.1052552241351317,-0.7907815578999646,-1.268938626401639,0.9624666627999644,0,-0.5531583731223229,cloudy
17kygxrx5eoU1EsHSr1dos,0.8811890864161559,1,7JYtGQsBwwgpHjFCZ4y5Ey,Sweet Boy,Malcolm Todd,0.3135482453954053,0.6743304677312364,-1.24595597017732,-0.3082386249260383,-0.0860582119370417,0.7002710264960145,-0.5886432358049056,-1.1052552241351317,-0.8735351741868859,-1.028136355709956,0.710835750992469,0,-0.4228125817762788,cloudy
17kygxrx5eoU1EsHSr1dos,0.8811890864161559,2,59c2xv2kMzYM6HR9oY6BIa,Sweet Boy,Malcolm Todd,0.3135482453954053,0.6743304677312364,-1.24595597017732,-0.3082386249260383,-0.0860582119370417,0.7002710264960145,-0.5886432358049056,-1.1052552241351317,-0.8735351741868859,-1.028136355709956,0.710835750992469,0,-0.4228125817762788,cloudy
17kygxrx5eoU1EsHSr1dos,0.8779779457555624,3,45HHTHXv7gQ5q2r89ui2Fy,lead me on,sammy rash,1.0491202982443542,0.763464043633725,-0.6626242929712686,-0.3082535853490921,-0.0860582119370417,-0.2907134570676576,-0.3448929360297404,-1.1052552241351317,-0.3873576785012235,-1.3371447259276503,0.4592048391849738,0,-0.609233406470167,cloudy
17kygxrx5eoU1EsHSr1dos,0.8718017093271816,4,3PEwQ1uaMwg0ehoTeVm7Yq,No Idea - Dj Purpberry Chopped and Screwed,"Don Toliver, DJ Purpberry",1.160010557467814,0.0435390074982409,-0.8534337200947433,-0.27893115616363,-0.9141521763440228,0.4902610697143093,-0.9788314563692592,-1.1052552241351317,-0.6785867512032733,-0.6195876667689753,0.1685277514073496,0,-0.2649408029337489,cloudy
17kygxrx5eoU1EsHSr1dos,0.8628246320719184,5,2djMadJLhufUl397ravYvO,Lucy,Claire Rosinkranz,1.3743983919665026,0.5029197448418352,-0.2210367616283695,-0.3082535853490921,0.1899731095319519,0.0899295895991833,0.3244034583464831,-1.1052552241351317,-0.6921137846347893,-0.7533170237821539,0.44185098319825,0,-0.4024904855208286,cloudy
7yNf9YjeO5JXUE3JEBgnYc,0.9779480623029044,1,447Vib1hJsXGnbhTbYYT8t,Babydoll,Dominic Fike,-0.621626274055771,0.5920533207443238,0.0242896446732405,-0.3082535853490921,0.4660044310009456,-1.07759451388411,0.7393109005825151,-1.1052552241351317,-0.2441302656969367,1.7227398056069128,1.3138822465311215,0,0.6177391120441391,cloudy
7yNf9YjeO5JXUE3JEBgnYc,0.9778586574504244,2,1SocftHhtuqF7k83eUhHiz,Babydoll,Dominic Fike,-0.621626274055771,0.5920533207443238,0.0242896446732405,-0.3082535853490921,0.4660044310009456,-1.07759451388411,0.7393109005825151,-1.1052552241351317,-0.2441302656969367,1.7232901321789833,1.3182207105278023,0,0.6173877857815748,cloudy
7yNf9YjeO5JXUE3JEBgnYc,0.9254443265554836,3,0MMyJUC3WNnFS1lit5pTjk,"jealousy, jealousy",Olivia Rodrigo,-0.3111335482300839,0.1326725834007288,-0.1338095949433529,-0.3082535853490921,1.2940983954079266,-0.8524900914587193,0.4145191019090603,-1.1052552241351317,-0.1963877947621743,1.5830256471224653,0.6761280390190213,0,0.7619002086274407,cloudy
7yNf9YjeO5JXUE3JEBgnYc,0.913271313395112,4,3CRDbSIZ4r5MsZ0YwxuEkn,Stressed Out,Twenty One Pilots,-0.8722382599007898,0.4000733111081945,0.2041956759610883,-0.3081290058262077,-0.3620895334060354,-0.8603654648380333,0.6200954137861894,-1.1052552241351317,0.0025391674660015,1.7910490913651873,0.4548663751882929,0,0.7357729339157079,cloudy
7yNf9YjeO5JXUE3JEBgnYc,0.9105258838809024,5,1yo3NvlxxVYvG585SxBdrX,Walls (with Claire Rosinkranz),"Louis The Child, Claire Rosinkranz",-0.4442018592982355,0.6811868966468124,0.8802062177699703,-0.3030691187417182,0.1899731095319519,-1.0283734302633976,1.1582860628404692,-1.1052552241351317,0.2969510715637022,1.446166307730634,1.3485899585045693,0,0.4859972573245908,cloudy
3awYmrxWHNBpmJ81YxSCAn,0.9365702301233784,1,6Od2OWvoT4embWAgIGeFRd,Like Gold,Vance Joy,-0.2150286569030856,-1.3620289201948477,0.6130730197971055,-0.3082081056630085,0.4660044310009456,-0.481034980401078,0.2815359473462293,0.904768399337362,-0.5998116741609156,-0.2730882988289652,-0.5907034480118173,0,-0.1632546360658255,cloudy
3awYmrxWHNBpmJ81YxSCAn,0.9193787054715892,2,55lijDD6OAjLFFUHU9tcDm,WHERE IS MY HUSBAND!,RAYE,-0.8215983748554099,-1.9585382358499628,0.9892401761262418,-0.3082535853490921,0.7420357524699394,-0.3366531351136555,0.1936106145646871,0.904768399337362,-0.3889490941990488,-0.0676101149820704,0.3680970952546737,0,-0.0366025841871693,cloudy
3awYmrxWHNBpmJ81YxSCAn,0.9157519000716152,3,6PKxJG1HapLGNqaKoRaIq4,Paralyzed,Lenny Kravitz,-1.0383888316372736,-2.5756168382518063,0.7384620719068176,-0.3078858309496604,1.018067073938933,-0.5401002807459326,0.8841843136709637,0.904768399337362,-0.8886536233162273,0.9925596307013658,-0.6557804079620314,0,0.2648578136103582,cloudy
3awYmrxWHNBpmJ81YxSCAn,0.9100047653964222,4,7nDFTHHwfe32a8qdp9XqPy,False Confidence,Noah Kahan,-0.4405055173241202,-1.793983941876138,0.3459398218242411,-0.3082535853490921,0.1899731095319519,-0.3497787574125121,-0.0348075097432339,0.904768399337362,-0.7565661203967183,-0.3069677784220672,-0.9247651757562506,0,-0.1395814948125022,cloudy
3awYmrxWHNBpmJ81YxSCAn,0.900926306881943,5,0b4M7hd7mzLTm99MrMeZsp,She Will,"Lil Wayne, Drake",-1.041523329631323,-2.13680538765494,1.3163420511950554,-0.3082535853490921,0.7420357524699394,0.3327536021280302,0.8848101167512593,0.904768399337362,-0.1725165592947933,-0.6110232094911253,-1.9915934725400977,0,-0.194485999330884,cloudy
2k9cIkCVD4zotzFL6xj6hg,0.9224199950913724,1,2AOp4w9uRZWB45v1y46fek,Me gusta (feat. Cardi B & Myke Towers),"Anitta, Cardi B, Myke Towers",0.6129519452987464,1.6068048002495778,0.0242896446732405,-0.3082535853490921,0.1899731095319519,-0.6890760938379549,1.02217389287616,-1.1052552241351317,-0.4669284633924939,-0.2693048036459791,1.144682150660565,0,-0.1327398915148028,cloudy
2k9cIkCVD4zotzFL6xj6hg,0.9164480414745872,2,7tZtR4ljldIpB6Q1CqzDI2,Drowning (feat. Kodak Black),"A Boogie Wit da Hoodie, Kodak Black",0.8236434378233197,1.1199983472436783,1.1418877178250215,-0.3082535853490921,-0.0860582119370417,-0.4875977915505062,0.7461947344657676,-1.1052552241351317,-0.6682425491674081,0.3820410898104405,1.179389862634012,0,0.1393770112915822,cloudy
2k9cIkCVD4zotzFL6xj6hg,0.9162004765298576,3,1f5cbQtDrykjarZVrShaDI,Drowning (feat. Kodak Black),"A Boogie Wit da Hoodie, Kodak Black",0.8088580699268584,1.1199983472436783,1.1473394157428354,-0.3082535853490921,-0.0860582119370417,-0.4875977915505062,0.7461947344657676,-1.1052552241351317,-0.6674468413184954,0.3821098806319497,1.175051398637331,0,0.1396505787837076,cloudy
2k9cIkCVD4zotzFL6xj6hg,0.9133234810582344,4,1D2L6MefbXon28PzIk9I3r,92 Explorer,Post Malone,-0.0634786359643573,0.8388847617050614,0.7275586760711904,-0.3082467307552565,0.4660044310009456,-0.5072862249987912,0.8910681475542163,-1.1052552241351317,-0.741447671267377,0.9679669120119566,1.383297670478017,0,0.3793300744227185,cloudy
2k9cIkCVD4zotzFL6xj6hg,0.9071378877976062,5,4EqH0xGXyvW7boMXGDbK00,Far,"daetime, Lyriya",-0.0376042421455501,0.5920533207443238,0.6512349052218005,-0.1058798625848639,0.4660044310009456,-0.8157383490219209,1.0218609913360122,-1.1052552241351317,-0.4852297439174862,0.4542370569839642,0.9277589508265168,0,0.1979000245228963,cloudy
1Ad2HcIX9zBqoWRvxtpYGf,0.9518609579452206,1,3B4cjvGlPvyBLNG3AzEgkZ,E85,Don Toliver,-0.8718686257033782,-0.82037103586434,0.6239764156327327,-0.3082535853490921,1.5701297168769204,4.13918406879644,1.0102836343505424,-1.1052552241351317,-0.786803018655401,0.4845394138586067,-0.9160882477628888,0,0.0872394865097974,cloudy
1Ad2HcIX9zBqoWRvxtpYGf,0.9468155495471406,2,70ziIbsLPmCPv16zLyxTD9,MAYBE,Negro Impacto,-1.009039876362798,-0.415841729845354,0.3132296343173597,-0.2222991547126726,1.018067073938933,3.187576452129338,0.5597054165376566,-1.1052552241351317,-0.8950192861075289,-0.2714029237019989,-0.2609801842640647,0,-0.087293033613194,cloudy
1Ad2HcIX9zBqoWRvxtpYGf,0.9465031295760732,3,7cyKrN1y4q59bc1gJX3QEG,Start A Fire,John Legend,-0.8020077623925987,-0.984925329838165,1.2672767699347331,-0.3082535853490921,1.2940983954079266,3.771666644428456,0.5043218439314895,-1.1052552241351317,-0.6937052003326147,-0.5474260950062056,-0.994180599703146,0,-0.1317296681682613,cloudy
1Ad2HcIX9zBqoWRvxtpYGf,0.9373392496782472,4,45mVT3DCE7AATXgESSdfee,Don't You Worry Baby (feat. Madison McFerrin),"Tyler, The Creator, Madison McFerrin",-0.8119878857227101,-0.0730202840665518,1.0164986657153097,-0.3082535853490921,0.1899731095319519,3.4369632758076123,0.7255432328160104,-1.1052552241351317,-0.700866570972829,0.0253262848763682,-0.3781187121744503,0,-0.0056299789139502,cloudy
1Ad2HcIX9zBqoWRvxtpYGf,0.9309936363187552,5,4W98NzID2YBQlxmbJ8lepm,"Little Red Corvette - Live in Syracuse, NY, 3/30/85",Prince,-0.2815628124371614,0.1806675858097611,0.7057518843999362,-0.1978184624428063,1.5701297168769204,3.784792266727312,-0.8208161785946011,-1.1052552241351317,-0.6706296727141462,0.3267332693173357,1.014528230760136,0,0.0973954910004449,cloudy
24VNenhLzKDWDlQ5Qaznav,0.9550655441448194,1,1uhkCvJALethci3eokMkbU,Cheer Me On,Malcolm Todd,0.5944702354281698,-1.6911375081424973,-0.4391046783409122,-0.3071927553507312,-0.3620895334060354,0.0308642892543288,-0.2037743414230662,0.904768399337362,-0.8918364547118781,2.1385115308063214,-1.263165367497365,0,0.6568165025624779,cloudy
24VNenhLzKDWDlQ5Qaznav,0.9550655441448194,2,5J0UcTRv1maAhC5W3jDOpf,Cheer Me On,Malcolm Todd,0.5944702354281698,-1.6911375081424973,-0.4391046783409122,-0.3071927553507312,-0.3620895334060354,0.0308642892543288,-0.2037743414230662,0.904768399337362,-0.8918364547118781,2.1385115308063214,-1.263165367497365,0,0.6568165025624779,cloudy
24VNenhLzKDWDlQ5Qaznav,0.9530614846451264,3,1RtVREAhqwLLN4QI6bzvQe,Wrap Me Up,Jhené Aiko,1.4815923092158472,-3.130987580413466,-0.2428435532996237,-0.3082535853490921,-1.46621481928201,1.0152859616685723,-0.0426300482469299,0.904768399337362,-0.2680015011643178,3.0877560768067576,-1.5061193513114983,0,0.611511528022516,cloudy
24VNenhLzKDWDlQ5Qaznav,0.94186805946579,4,53jbdPQBaH6WaQvW0zmGBs,Talia,King Princess,0.986282484684394,-1.8831175177786263,-0.5045250533546751,-0.3082535853490921,-0.9141521763440228,-0.1791456675273765,0.2058137746304526,0.904768399337362,-0.4112289139686046,2.1412631636666744,-1.3325807914442604,0,0.6202620339188163,cloudy
24VNenhLzKDWDlQ5Qaznav,0.9251984218880996,5,7nrraHMpSbyJJoN3unjjoJ,Interlude (That's Love),Chance the Rapper,0.5722921835834779,-1.77341465512941,-0.4936216575190479,-0.308243629867569,0.4660044310009456,1.0349743951168573,-0.7378972704554241,0.904768399337362,-0.1566024023165392,1.8540270884565269,-0.7165189039155648,0,0.6167019925692906,cloudy
0zikWa6k06uycAkRB8CsXA,0.9138085336655566,1,2drlEKkfwoEoWE7oVK7po1,Nissan Altima,Michael Christmas,0.4798836342305947,-0.1964360045469206,0.9074647073590382,-0.3082535853490921,1.5701297168769204,-0.7612670164816661,0.118827146469354,0.904768399337362,1.4188991385306156,-1.4066922464730842,0.6804665030157022,0,-0.5614546735043324,cloudy
0zikWa6k06uycAkRB8CsXA,0.8960925050594566,2,1SGvjfc85yzqKXsfKcCxn2,heart pt. 6,Kendrick Lamar,-0.0449969260937807,0.1943804436409132,0.258712655139224,-0.3082535853490921,1.018067073938933,-0.5401002807459326,-0.0016399464875632,0.904768399337362,1.4666416094653778,-1.2694201621522008,0.1815431433973925,0,-0.6090077789207952,cloudy
0zikWa6k06uycAkRB8CsXA,0.8940881577216219,3,5q2zRUEMUMh51Ipd97bmAa,Rocketship,Llunr,-0.2778664704630461,0.173811156894185,0.2369058634679697,-0.3082535853490921,0.7420357524699394,-0.0478894445388107,-0.0241688573782075,0.904768399337362,0.9016890367373576,-0.8602179604068861,0.446189447194931,0,-0.5995931184891437,cloudy
0zikWa6k06uycAkRB8CsXA,0.8871149688821349,4,2HXfOCLgzaymXUEWftc84U,m A A d city - Originally performed by Kendrick Lamar and MC Eiht,2015 Dynamo Hitz,0.1915689602495998,-0.3061388671961373,0.1932922801254612,-0.3082535853490921,1.018067073938933,-0.3957184354585102,-0.1346231010503942,0.904768399337362,1.2756717257263286,-0.9259475903585797,-0.3954725681611742,0,-0.5211528822136999,cloudy
0zikWa6k06uycAkRB8CsXA,0.8867735209998382,5,79esEXlqqmq0GPz0xQSZTV,Lost In Japan,Shawn Mendes,-0.1004420557055106,0.2355190171343694,0.7493654677424447,-0.3082535853490921,1.2940983954079266,-0.5597887141942175,0.274652113462977,0.904768399337362,1.8008389060087135,-0.4452029342440746,-0.5343034160549649,0,-0.2094517929939113,cloudy
13HalBseZHAT19C6jWs1Ma,0.8455957068369834,1,4wFzDwH40XrQL067ETa9wy,Couch Potato,Jakubi,-0.1152274236019719,0.4137861689393466,0.5858145302080376,-0.3082535853490921,0.7420357524699394,1.4418686863814114,0.9911966404015242,0.904768399337362,-0.299829815120826,-0.9571098325020824,0.1598508234139877,0,-0.4694968215375144,cloudy
13HalBseZHAT19C6jWs1Ma,0.8404245123638077,2,4Aocy7YAyOYf5YHj18Vfj3,Charmander,Aminé,0.9604080908655868,0.2218061593032174,-0.2591986470530644,-0.2877442053807819,1.2940983954079266,-0.1069547448836654,0.174523620615669,0.904768399337362,-0.5512734953772406,-1.0562718017070707,0.229266247360883,0,-0.6550161079996897,cloudy
13HalBseZHAT19C6jWs1Ma,0.8398614181163923,3,1rMOBVrmIwJPwDdK861KGk,123,Claire Rosinkranz,-0.3517933099453525,0.7497511858025729,0.5531043427011562,-0.3082476011798706,1.5701297168769204,0.5558891812085923,0.9348743631749132,0.904768399337362,-0.4915954067087877,-0.8908298759783185,0.7455434629659167,0,-0.4821775346187003,cloudy
13HalBseZHAT19C6jWs1Ma,0.8171722162763915,4,5jpbdcRzYkMKQIYNYzXP8g,Wake Up,Lawrence,-0.070871319912588,-1.0946281924873815,0.6239764156327327,-0.3082535853490921,1.2940983954079266,0.8249644383351521,0.6050761398590931,0.904768399337362,-0.8560296015108064,-0.820904005914586,0.0383738315069213,0,-0.4256056920532372,cloudy
13HalBseZHAT19C6jWs1Ma,0.8154281582525311,5,6Vmow8PuUaU7W1T2WWLZk2,Go Gina,SZA,1.9103679782132243,-0.4981188768322666,0.0351930405088676,-0.3082535853490921,1.018067073938933,1.3106124633928458,0.3206486398647089,0.904768399337362,-0.2123019517404284,-1.2976931897923327,-0.3520879281943646,0,-0.4744929719898417,cloudy
4Q9ExJGFgL9Jd9kmYH3nXs,0.925659215005974,1,1kiNatIrwDusOZfR29W0LJ,Man in the Mirror - 2012 Remaster,Michael Jackson,0.8790885674350496,0.907449050860822,1.1582428115784624,-0.3078232691805262,0.7420357524699394,-0.3760300020102253,0.828174937984501,0.904768399337362,-0.8162442090651713,-0.6044536860370313,-1.189411479553789,0,-0.2624901096271421,cloudy
4Q9ExJGFgL9Jd9kmYH3nXs,0.9119105882062928,2,2z00vFwIe6zaCoA0LWmiTX,My Calling,AJR,-0.3480969679712372,0.1463854412318808,0.3622949155776818,-0.3082441738829528,0.4660044310009456,-0.4285324912056517,0.793442867028091,0.904768399337362,-0.6913180767858765,-0.6841822481657729,-0.8553497518093556,0,-0.4415439006882611,cloudy
4Q9ExJGFgL9Jd9kmYH3nXs,0.8881203755703276,3,1xLs8Mu1QEVbGCpyHQ2r2U,Why,Dominic Fike,0.2211396960425224,0.057251865329393,1.3981175199622589,-0.2686492654102861,0.1899731095319519,-0.5401002807459326,1.5591129357698486,0.904768399337362,-0.79237297359779,-0.030187908081263,-0.8683651437993982,0,-0.0584449705076595,cloudy
4Q9ExJGFgL9Jd9kmYH3nXs,0.8879766126624274,4,5LYMamLv12UPbemOaTPyeV,Music For a Sushi Restaurant,Harry Styles,-0.0893530297831646,0.3040833062901299,0.6294281135505462,0.0007471526349983,1.5701297168769204,-0.5532259030447892,0.9408194924377224,0.904768399337362,-0.8011257599358297,-0.3736604798748845,-0.807626647845865,0,-0.2518848645729783,cloudy
4Q9ExJGFgL9Jd9kmYH3nXs,0.8838492761670703,5,4f1QbCjIAgQwnf7ms9NXWx,Me You,Russ,-1.0357644288356516,0.1806675858097611,0.885657915687784,-0.3058000759682677,0.7420357524699394,-0.3235275128147991,1.541277547981422,0.904768399337362,-0.8584167250575445,-0.7871621079645014,-1.345596183434303,0,-0.3283601766515211,cloudy
71p2ub5QJhJTzfvXbXaUXd,0.9069636583173212,1,2oFxITGDiTZ1JRwP8yinRt,On Broadway,George Benson,-0.2852591544112767,0.6469047520689322,-1.5294442619036253,-0.3074321221195922,1.2940983954079266,-0.8045815700678929,-2.9535530762422586,-1.1052552241351317,-0.6586940549804556,-0.0231368488766073,1.387636134474698,0,0.0513223535031188,cloudy
71p2ub5QJhJTzfvXbXaUXd,0.8973704830963619,2,4Cv6ongCvJy9JfSkWVnb5D,Get Down On It,Kool & The Gang,-0.7646747084540338,1.174849778568287,-1.1478254076566756,-0.3081883035030391,1.018067073938933,-0.946338290895544,-2.410356002545614,-1.1052552241351317,-0.6666511334695827,-0.2196034351058449,1.843174854126198,0,-0.0091524734707841,cloudy
71p2ub5QJhJTzfvXbXaUXd,0.8825346797558425,3,1SYAIGgec3CYyBVEx54yPV,Had Enough,Duckwrth,-0.9820196165320147,0.8183154749583333,-1.6003163348352016,-0.2985157099795231,0.1899731095319519,-0.546663091895361,-1.5658347456866015,-1.1052552241351317,-0.4661327555435812,-0.2378673982164407,1.6132362623021077,0,-0.0383174594773869,cloudy
71p2ub5QJhJTzfvXbXaUXd,0.8706861116260222,4,3Hh5jhaxms41QRmmrnHOyi,Double Cut,KYSLINGO,-0.0191225322749735,0.4549247424328029,-2.1563895224521854,-0.2934563669104174,1.2940983954079266,-0.5532259030447892,-2.104651197821177,-1.1052552241351317,0.0900670308463991,-0.840646971687622,0.12514311144054,0,-0.2140891845627876,cloudy
71p2ub5QJhJTzfvXbXaUXd,0.8619428774725619,5,129cytWHUXigQl9qTnWvLG,Supersonic,Tash,-0.5033433308840807,0.6400483231533561,-0.831626928423489,-0.3072036356584067,0.1899731095319519,-0.6011344244356158,-1.60651194590582,-1.1052552241351317,-0.4080460825729539,-0.4416946023471238,0.3290509192845451,0,-0.146614341036148,cloudy
46Y9vXsmtnYZdEwny4o1Dd,0.917799342713463,1,7LzouaWGFCy4tkXDOOnEyM,Liar,Camila Cabello,-0.9805410797423686,0.4412118846016508,-0.5535903346149972,-0.2929123515266426,1.5701297168769204,0.8380900606340087,0.3050035628573171,-1.1052552241351317,-0.7565661203967183,-0.6840790619335096,0.4722202311750167,0,-0.3713187049032733,cloudy
46Y9vXsmtnYZdEwny4o1Dd,0.891242849035769,2,2AE32n5CodWEA0YDIC6ou7,Happy As I Am,Shaqdi,0.6573080489881303,0.4206425978549227,-0.2755537408065052,-0.3082535853490921,1.2940983954079266,0.6871454041971579,-0.1605939288826647,-1.1052552241351317,-0.2520873441860637,-1.131047424687176,1.0448974787369028,0,-0.5740242836409524,cloudy
46Y9vXsmtnYZdEwny4o1Dd,0.8793406864760887,3,5rrMfW2sh52oy02sWLPZVM,GawtDamn,"Cory Henry, The Funk Apostles",-0.8297303271984635,-0.2375745780403769,-0.5753971262862515,-0.3068337051974399,0.4660044310009456,1.3499893302894157,0.4395512251208873,-1.1052552241351317,-0.7334905927782499,-1.7326919496034614,0.6934818950057451,0,-0.6563395948083719,cloudy
46Y9vXsmtnYZdEwny4o1Dd,0.8525491982321184,4,6tDDoYIxWvMLTdKpjFkc1B,telepatía,Kali Uchis,-0.6290189580040016,-0.1552974310534643,-0.4118461887518444,-0.3082535853490921,1.5701297168769204,0.0768039673003269,-0.4246828287674392,-1.1052552241351317,-0.719963559346734,-1.1671970013900697,0.0427122955036023,0,-0.6859107179040969,cloudy
46Y9vXsmtnYZdEwny4o1Dd,0.8486598092448381,5,0nmIWoirK2cbSD9duTDQJa,Rolling Stone,Samara Cyn,-0.610537248133425,0.8114590460427573,-0.1392612928611665,-0.3079315282418974,1.018067073938933,0.2539998683348907,0.3391098307334313,-1.1052552241351317,-0.8313626581945125,-0.6855924600067044,1.4744054144083172,0,-0.3241724457137229,cloudy
36GforftaCASOR8kBnhqN8,0.93683372583851,1,5R14ISnODwrMr38FonEFkT,Chest Pain (I Love),Malcolm Todd,-0.0523896100420114,-0.415841729845354,-0.61901070962876,-0.3082448811029517,-0.3620895334060354,0.9824719059214312,-0.0404397374658951,-1.1052552241351317,-0.7653189067347581,1.106958766870561,-0.7989497198525031,0,0.544019275775398,cloudy
36GforftaCASOR8kBnhqN8,0.9054077995394124,2,31wkOICyh6BgHHyPgbBz0D,DEAR MISS HOLLOWAY,"hard life, Kevin Abstract",0.0621969911555634,-0.9369303274291328,0.4767805718517668,-0.3072145159660823,-1.1901834978130166,1.402491819484842,0.1889170914624696,-1.1052552241351317,-0.5568434503196296,1.1087129328190368,-0.8683651437993982,0,0.4632648647163749,cloudy
36GforftaCASOR8kBnhqN8,0.8657804321635271,3,1uW9X6oaD8Vq3ob0h5mxwk,I DON'T GET IT,SIPHO.,-0.0671749779384727,-0.8546531804422203,0.0460964363444948,-0.3081654548569206,0.1899731095319519,1.159667806955995,0.5625215303989872,-1.1052552241351317,-0.8003300520869171,1.2715408073304524,-1.6839963751754177,0,0.4404590714255627,cloudy
36GforftaCASOR8kBnhqN8,0.8602749479714357,4,0UsNgv6unHisK9NslsZxwz,Where Is My Mind?,Tkay Maidza,-1.0223097440498718,-0.9026481828512526,-0.5045250533546751,-0.3072090758122445,-1.1901834978130166,0.6346429150017315,0.8435071134517449,-1.1052552241351317,-0.8695566349423224,1.0352099400368449,-1.7013502311621411,0,0.3345207481233699,cloudy
36GforftaCASOR8kBnhqN8,0.8570527610515856,5,2aNaJLXE4SXbm9L23qpHTG,The Let Out,J. Cole,-0.4552908852205815,-0.0661638551509757,-0.1120028032720986,-0.3082535853490921,-0.3620895334060354,0.8774669275305785,0.1757752267762602,-1.1052552241351317,-0.8297712424966871,0.7589460008573565,-0.7121804399188839,0,0.4339618166460682,cloudy
0je57Uq5eTk1wrPzn9sWbl,0.8930719488772454,1,0ZBchpb4CLk5Qqu3895Etp,Buttons,Mac Miller,0.5722921835834779,-0.6695295997216677,0.6239764156327327,-0.3082535853490921,0.4660044310009456,0.5624519923580206,0.8779262828680071,0.904768399337362,0.3924360134332268,-1.4735225295689194,-0.0831031604001454,0,-0.7082617357045886,cloudy
0je57Uq5eTk1wrPzn9sWbl,0.8399967177258713,2,46XtsFriNQjGM5enGQViSQ,Love Is Like (feat. Lil Wayne),"Maroon 5, Lil Wayne",-0.4774689370652734,-0.7380938888774282,0.7112035823177497,-0.3082535853490921,0.4660044310009456,-0.120080367182522,0.9783676772554628,0.904768399337362,0.5197492692592595,-1.0343963204672604,-0.2479647922740218,0,-0.5720241514099367,cloudy
0je57Uq5eTk1wrPzn9sWbl,0.8314000856999214,3,1RkPqBGgFNPxdzlGD2Ar0m,Angel Dust,Mac Miller,0.6831824428069376,-0.3267081539428655,1.2127597907565977,-0.3082535853490921,-0.0860582119370417,1.9340795225885337,0.6945659803413744,0.904768399337362,0.7425474669548169,-1.371540136682069,-0.5776880560217744,0,-0.4667217054581761,cloudy
0je57Uq5eTk1wrPzn9sWbl,0.8079573554939105,4,2u9S9JJ6hTZS3Vf22HOZKg,NOKIA,Drake,-0.1300127914984332,-0.9506431852602848,0.694848488564309,-0.3082535853490921,-0.0860582119370417,-0.120080367182522,1.0872574132269102,0.904768399337362,0.074152873868145,-0.4081934722723202,-0.1525185843470407,0,-0.2890363961907165,cloudy
0je57Uq5eTk1wrPzn9sWbl,0.7990400672045199,5,7oHkit3F3vimtsBbnZkU0G,Fire,KIDS SEE GHOSTS,0.701664152677514,0.2286625882187934,0.8256892385918346,-0.3082279622245163,0.1899731095319519,-0.0610150668376673,1.2070987031035316,0.904768399337362,0.1537236587594155,-0.4438959086354068,-0.7512266158890125,0,-0.2800110007632629,cloudy
1Nk1kQx3HmUaobcAu9S26f,0.955205155023102,1,7KXjTSCq5nL1LoYtL7XAwS,HUMBLE.,Kendrick Lamar,-1.0419668906682171,1.5930919424184258,0.1169685092760712,-0.3079603610572375,-1.1901834978130166,-0.6267293879183862,0.3193970337041177,-1.1052552241351317,-0.3077868936099531,1.1043103202424709,-0.5299649520582839,0,0.4471214904240304,cloudy
1Nk1kQx3HmUaobcAu9S26f,0.9273538488099324,2,52NGJPcLUzQq5w7uv4e5gf,Private Landing (feat. Justin Bieber & Future),"Don Toliver, Justin Bieber, Future",-0.632715299978117,1.2502704966396234,0.2260024676323426,-0.3081382540877319,-1.1901834978130166,-0.5401002807459326,1.0478318191682827,-1.1052552241351317,-0.3603036116381915,0.6564820722199448,-0.4258418161379409,0,0.2809034039967376,cloudy
1Nk1kQx3HmUaobcAu9S26f,0.917733262585518,3,5iscY6uoraOqqKurX7G8S9,Drop,"Connor Price, Zensery",-1.041101946646274,1.6685126604897622,0.0897100196870033,-0.3071492341200292,-1.1901834978130166,-0.7619232975966089,0.76465592533449,-1.1052552241351317,-0.5003481930468275,0.2110958983609815,-0.4865803120914743,0,0.0650374281045883,cloudy
1Nk1kQx3HmUaobcAu9S26f,0.9163866516376532,4,1GN1fHJoZFAIIYJFGB0z3R,TiFFANY (B),"IDK, Gunna",-0.5255213827287726,0.6400483231533561,-0.1774231782858615,-0.3082535853490921,-0.6381208548750291,-0.4547837358033649,0.2727747042220899,-1.1052552241351317,-0.4056589590262157,0.5879664139971429,-1.1199960556068935,0,0.3306780936923305,cloudy
1Nk1kQx3HmUaobcAu9S26f,0.904101128776693,5,4R67rQNSbbsR4TdUVOIdez,ESCAPE PLAN,Travis Scott,-1.0353578312184988,1.1199983472436783,-0.5099767512724886,-0.3082535853490921,-0.0860582119370417,-0.4022812466079385,0.2956165166528819,-1.1052552241351317,-0.0611174604470146,1.245641063032376,-0.4475341361213457,0,0.5621202722244957,cloudy
6WTFHKrnZpwEBLRS10Ylqs,0.9445591049913064,1,4ZVTe0Pn5sjcFu71Oel0i0,Generator,Justice,-1.041907749196631,-1.101484621402958,0.1115168113582576,4.234274869170546,-1.1901834978130166,0.5755776146568772,-0.654039657695804,0.904768399337362,-0.1486453238274122,-0.2023369389071266,-0.5473188080450078,0,-0.0352061023045943,cloudy
6WTFHKrnZpwEBLRS10Ylqs,0.9314617183803297,2,4S3DXtdTdgOIezKgu8DR0M,Summer Montage / Madeline,Justin Hurwitz,-0.6253226160298864,-0.546113879241299,-0.531783542943743,4.02754902333612,0.4660044310009456,0.4771354474154527,0.2740263103826811,0.904768399337362,-0.8989978253520924,-0.350340391383389,0.4765586951716977,0,-0.0867135877325622,cloudy
6WTFHKrnZpwEBLRS10Ylqs,0.9024016698188538,3,3KywmaqyvQtM4fwrRWgbBf,Neph,Trombone Shorty,-0.9513399781468576,-1.142623194896414,0.6403315093861733,4.359398407438753,-1.46621481928201,0.2933767352314603,0.5941245859539188,0.904768399337362,-0.5433164168881135,-1.37116178716377,0.0427122955036023,0,-0.2877161336807677,cloudy
6WTFHKrnZpwEBLRS10Ylqs,0.8974312285825929,4,5wyBvbIXWlYYz0qQ3KveeU,to say to say,Dominic Fike,-0.980171445544957,-0.3747031563518978,-0.4663631679299801,4.239715023008295,-1.46621481928201,1.4221802529331264,-0.4040313271176817,0.904768399337362,-0.8456853994749413,-1.2327546542879912,0.5936972230820836,0,-0.2447235154398455,cloudy
6WTFHKrnZpwEBLRS10Ylqs,0.8961810297263261,5,1R6u262nhy9EDFK62HTmC1,Herman’s Habit,Justin Hurwitz,-0.7473019011756918,-0.7586631756241563,-0.2701020428886916,4.5878848686241716,0.7420357524699394,-0.0085125776422409,-0.8921577297483079,0.904768399337362,-0.6236829096282968,0.2104767809674019,0.0080045835301546,0,0.0554028295003626,cloudy
3orJAvBLWveT5ruftD5KoP,0.9441566524220796,1,0AY6UDs5EyeW45oQkEpsly,I'll Be Home For Christmas (If Only In My Dreams) - Remastered 1999,Frank Sinatra,2.4019814607705623,-2.9115818551150325,-2.712462710069169,-0.3076062070424001,1.018067073938933,-0.4679093581022214,-2.611551692860673,0.904768399337362,-0.8592124329064571,-1.2274577610318105,-1.8879041830194228,0,-0.1813066063584271,cloudy
3orJAvBLWveT5ruftD5KoP,0.9428601689368696,2,1CsMKhwEmNnmvHUuO5nryA,SKINNY,Billie Eilish,1.518555728957,-2.9115818551150325,-1.8947080223971344,-0.2698460992545907,1.018067073938933,-0.6201665767689578,-2.133751041054926,0.904768399337362,-0.8210184561586473,-1.6481136345583467,-2.185088966792068,0,-0.2898004519018308,cloudy
3orJAvBLWveT5ruftD5KoP,0.9396285817251716,3,08PdFBcXzpkn1cWNgmKqhn,Promise,Laufey,2.413070486692908,-2.8293047081281197,-2.6579457308910333,-0.3077911722728835,-0.0860582119370417,-0.8846478660909181,-2.7820830322412444,0.904768399337362,-0.8456853994749413,-1.4329359448787056,-1.9646949957606752,0,-0.2093309599172558,cloudy
3orJAvBLWveT5ruftD5KoP,0.9384817627520412,4,29U7stRjqHU6rMiS8BfaI9,What A Wonderful World,Louis Armstrong,1.6405350141028057,-2.7744532768035115,-2.369005741246914,-0.308245207512182,-0.0860582119370417,-0.481034980401078,-4.065605149927673,0.904768399337362,-0.8401154445325524,-1.4041125906665033,-1.4800885673314128,0,-0.1841032166303359,cloudy
3orJAvBLWveT5ruftD5KoP,0.9337928990048934,5,4PS1e8f2LvuTFgUs1Cn3ON,The Christmas Song (Merry Christmas To You),Nat King Cole,2.357625357081178,-2.4384882599402857,-2.123679334945304,-0.3078178290266885,0.1899731095319519,-0.3497787574125121,-2.369365900786247,0.904768399337362,-0.8448896916260284,-1.5377731568581727,-1.4540577833513273,0,-0.2663069838060175,cloudy
2uvE4L5ZsYKpv8hbK4TIOt,0.9186412063427372,1,4aai1PoVGPcspMhmzOzpZN,Surround Me,LÉON,0.2285323799907528,-0.9986381876693172,-0.3573292095737087,-0.3082535853490921,-0.0860582119370417,-0.7238589929299248,-0.0660976637580177,0.904768399337362,0.4322214058788621,2.0701334542265375,-0.6167342319919028,0,0.7977944445377299,cloudy
2uvE4L5ZsYKpv8hbK4TIOt,0.8916017198500839,2,6LqZFfv4fUP7va14Y6VW9a,Misty Morning,Lawrence,0.5427214477905552,-0.3129952961117134,-1.158728803492303,-0.3021606130508142,-1.46621481928201,-0.5204118472976478,-0.7353940581342416,0.904768399337362,-0.2123019517404284,1.7177180756367671,-0.5690111280284126,0,0.7196979230807409,cloudy
2uvE4L5ZsYKpv8hbK4TIOt,0.8875163106744584,3,0JZ9lcwFcAscMpy1YxUtpW,Patience,Shawn Mendes,-0.6364116419522323,-0.8409403226110681,-0.1556163866146072,-0.3082535853490921,-0.6381208548750291,-0.526974658447076,0.411077184967434,0.904768399337362,0.4720067983244974,2.1295687240101717,-0.4301802801346218,0,0.8092344150124707,cloudy
2uvE4L5ZsYKpv8hbK4TIOt,0.8835659346208605,4,36O9g4F0Zg9BviD6Hd2H2q,Two Sides (I’m So Gemini) - Single Version,Masego,0.7312348884704366,-0.2101488623780727,-0.8261752305056754,-0.3080299950263607,-1.1901834978130166,-0.4679093581022214,-0.5226210108337124,0.904768399337362,0.3606076994767186,1.446097516909126,-0.1915647603171694,0,0.7283902050841463,cloudy
2uvE4L5ZsYKpv8hbK4TIOt,0.8794647805798335,5,0Ph1Ptj4r31cQsUQ4oICNB,Bliss City,ODIE,0.091767726948486,-0.1347281443067362,-1.6057680327530153,-0.3081203015800673,-1.46621481928201,-0.6707002226195556,-1.3574423199481418,0.904768399337362,-0.3666692744294931,2.161659642244045,-0.5299649520582839,0,0.7063193323795848,cloudy
2nFDM7uMOdPGPz37FluIob,0.9085501334358674,1,4TIqzdAssasqx3DAe6cG9J,Ramen & OJ,"Joyner Lucas, Lil Baby",0.7755909921598205,-0.5392574503257229,-0.1556163866146072,-0.3082535853490921,-1.1901834978130166,-0.6451052591367853,0.4548834005881311,-1.1052552241351317,1.2120150978133122,-0.402724601962368,-1.640611735208608,0,-0.1825529079956078,cloudy
2nFDM7uMOdPGPz37FluIob,0.8904534760972744,2,6biOWQ7B2x5VDxfZrQxg44,Kinks,"Smile High, 6LACK, The Main Squeeze, QUIN",0.9678007748138172,0.1395290123163048,-0.6462691992178279,-0.3019430068973043,-0.9141521763440228,-0.6195102956540149,-0.1740486951090215,-1.1052552241351317,1.0051310570960093,-1.0272420750303417,-0.7338727599022887,0,-0.4792984026221203,cloudy
2nFDM7uMOdPGPz37FluIob,0.8844806634961602,3,0eQp0P2ONCrY6OiSI3kJxy,The Deep End,"070 Phi, 070 Shake",1.4372362055264631,-1.7048503659736496,-0.1828748762036751,-0.3018342038205494,-0.9141521763440228,-0.4022812466079385,0.0756467339289525,-1.1052552241351317,0.790289937889579,-0.6736572524749209,-1.5234732072982224,0,-0.2349865854183702,cloudy
2nFDM7uMOdPGPz37FluIob,0.8833975905963202,4,1BPz1mqpXI9tVlxdHdvK3h,Tired,"Limbo, chief.",2.1432375225824893,-1.4237367804350316,-1.360441626451405,-0.3054682265841651,-1.1901834978130166,-0.3038390793665142,-1.0683212968515403,-1.1052552241351317,0.2969510715637022,-1.1928559778128656,-1.8184887590725272,0,-0.2952267752893583,cloudy
2nFDM7uMOdPGPz37FluIob,0.8715957065588874,5,0hmA5UgR7wphVWN83AVDgF,Rainbow Bap,Jaden,0.5759885255575932,0.3726475954458904,-0.7607548554919126,-0.3027046284345891,-1.1901834978130166,-0.4285324912056517,-0.2009582275617356,-1.1052552241351317,0.6629766820635463,-0.6864523452755645,-1.37596543141107,0,-0.3316353490661398,cloudy
5lSszsPqufMetObXX3zCQU,0.8755960213685342,1,0lyI63hSyfGvQzmBMJYKoi,Shades Of Black,Breakbot,-0.1780652371619323,1.8810619568726188,0.9183681031946652,2.700151486925591,-0.0860582119370417,-0.7258278362747533,1.6623704440186349,-1.1052552241351317,-0.8440939837771159,0.0721728343238858,1.860528710112922,0,-0.0066783304032955,cloudy
5lSszsPqufMetObXX3zCQU,0.8725655894499526,2,7uGpUhy4uf2UrHH7TyhM6C,Happy Music,Supershy,-0.8873932619946626,0.6948997544779645,0.7493654677424447,1.7535647191574266,1.5701297168769204,-1.0815322005737669,0.5628344319391348,-1.1052552241351317,-0.8401154445325524,0.2094105232340148,1.5091131263817648,0,0.0575943693772767,cloudy
5lSszsPqufMetObXX3zCQU,0.8609459783740594,3,5hK2Ks25jW6aMmUAHpAN3F,"Falling for Ya - From ""Teen Beach Movie""/Soundtrack Version",Grace Phipps,-0.9631682724640268,0.8525976195362136,1.5398616658254116,2.4281437950381872,1.5701297168769204,-1.0933452606427376,1.0084062251096553,-1.1052552241351317,-0.7860073108064884,0.4139600309905406,1.8258209981394744,0,0.0878886624103971,cloudy
5lSszsPqufMetObXX3zCQU,0.8573471084302322,4,5cJwX1B2AuFacKtptvPMyM,Charnsuka,MF DOOM,0.3024592194730593,0.914305479776398,1.4962480824829032,2.961278871137498,0.1899731095319519,-0.930587544136916,2.029403950612048,-1.1052552241351317,-0.8417068602303777,-0.7762243673445964,1.8214825341427936,0,-0.1947784185176084,cloudy
5lSszsPqufMetObXX3zCQU,0.8474559383953992,5,6Mg21kBQhf0VScEF8DL4LD,like JENNIE - Peggy Gou Remix,"JENNIE, Peggy Gou",-0.8726078940982013,0.8937361930296699,1.8778669367298524,1.7698851806706708,1.5701297168769204,-0.9102428295736884,1.4924649077183592,-1.1052552241351317,-0.6205000782326459,0.4143383805088391,1.279174534557674,0,0.0867865968305706,cloudy
45J4avUb9Ni0bnETYaYFVJ,0.8589908458560098,1,36O9g4F0Zg9BviD6Hd2H2q,Two Sides (I’m So Gemini) - Single Version,Masego,0.7312348884704366,-0.2101488623780727,-0.8261752305056754,-0.3080299950263607,-1.1901834978130166,-0.4679093581022214,-0.5226210108337124,0.904768399337362,0.3606076994767186,1.446097516909126,-0.1915647603171694,0,0.7283902050841462,cloudy
45J4avUb9Ni0bnETYaYFVJ,0.84808674755962,2,2CGNAOSuO1MEFCbBRgUzjd,luther (with sza),"Kendrick Lamar, SZA",-0.1152274236019719,0.2149497303876413,-0.1338095949433529,-0.3082535853490921,-0.9141521763440228,0.3721304690245999,0.0352824352498814,0.904768399337362,-0.124774088360031,0.6914622049571881,0.1424969674272639,0,0.7573589216660802,cloudy
45J4avUb9Ni0bnETYaYFVJ,0.837284243297304,3,6LqZFfv4fUP7va14Y6VW9a,Misty Morning,Lawrence,0.5427214477905552,-0.3129952961117134,-1.158728803492303,-0.3021606130508142,-1.46621481928201,-0.5204118472976478,-0.7353940581342416,0.904768399337362,-0.2123019517404284,1.7177180756367671,-0.5690111280284126,0,0.7196979230807409,cloudy
45J4avUb9Ni0bnETYaYFVJ,0.8273759624864733,4,40iJIUlhi6renaREYGeIDS,Fair Trade (with Travis Scott),"Drake, Travis Scott",-0.8570832578069169,-0.0661638551509757,-0.7334963659028447,-0.3082535853490921,-1.1901834978130166,0.1555577010934662,-0.2773062033578078,0.904768399337362,0.94943150767212,1.7208824534261742,-1.089626807630127,0,0.6756204956383415,cloudy
45J4avUb9Ni0bnETYaYFVJ,0.8170047032100229,5,14m8FDBybkX7ROmg1AXOpu,Can’t Make U Change (feat. Ari Lennox),"JID, Ari Lennox",-0.5809665123405025,-0.6832424575528199,-0.4336529804230987,-0.3081534865184775,-1.1901834978130166,-0.0413266333893824,-0.1846873474740482,0.904768399337362,0.8619036442917224,0.6924940672798207,-0.6210726959885838,0,0.4199845037490302,cloudy
0w5Bdu51Ka25Pf3hojsKHh,0.965343353450058,1,7gBwY1h68opz3bBBEMdBCO,Dive Bar Named Nirvana,Dogpark,-0.887023627797251,0.2766575906278257,1.409020915797886,-0.3082535853490921,-0.0860582119370417,-0.7277966796195818,0.8234814148822833,-1.1052552241351317,-0.5807146857870107,-0.099735428626697,1.1533590786539267,0,-0.0625418046705234,cloudy
0w5Bdu51Ka25Pf3hojsKHh,0.9534456204609024,2,3pY7e7SrjgmWgyDfeZMrDD,Starchild,Jamiroquai,-1.0099269984365855,0.310939735205706,1.9160288221545472,-0.3082535853490921,0.1899731095319519,-0.8098318189874354,0.391990191018416,-1.1052552241351317,-0.7875987265043138,-0.0840855167334368,1.8084671421527505,0,-0.0315121974929285,cloudy
0w5Bdu51Ka25Pf3hojsKHh,0.9401805073971216,3,5nujrmhLynf4yMoMtj8AQF,Levitating (feat. DaBaby),"Dua Lipa, DaBaby",-1.010370559473479,0.1806675858097611,1.229114884510038,-0.3082535853490921,0.1899731095319519,-0.8131132245621496,1.2114793246656017,-1.1052552241351317,-0.6411884823043762,-0.5134434291808404,1.6132362623021077,0,-0.2085233242096686,cloudy
0w5Bdu51Ka25Pf3hojsKHh,0.9288781292661736,4,5XMkENs3GfeRza8MfVAhjK,Finesse,Bruno Mars,-1.014140828287077,0.4480683135172268,1.0819190407290724,-0.3082535853490921,-0.0860582119370417,-1.1031894773668802,0.7249174297357148,-1.1052552241351317,-0.5480906639815898,-0.4454780975301098,1.7173593982224504,0,-0.1757853831846134,cloudy
0w5Bdu51Ka25Pf3hojsKHh,0.9284279007310984,5,5hM5arv9KDbCHS0k9uqwjr,Borderline,Tame Impala,-0.8929377749558356,-0.3747031563518978,1.4907963845650896,-0.3082040799491686,-0.0860582119370417,-0.7146710573207252,1.4367684335720443,-1.1052552241351317,-0.8257927032521236,-0.6860052049357575,1.4310207744415075,0,-0.2607446132598864,cloudy
5SkRLpaGtvYPhw02vZhQQ9,0.9060693753627932,1,16jl1W58vcK8Jd5ZGbvd5f,"Pro Freak (with Doechii, Fatman Scoop)","Smino, Doechii, Fatman Scoop",-0.0671749779384727,-1.2249003418833266,0.258712655139224,-0.3082201284029899,1.2940983954079266,-0.1069547448836654,0.4411157328216264,-1.1052552241351317,2.5567613624757826,-1.475964603732483,-1.4670731753413702,0,-0.4243357437894309,cloudy
5SkRLpaGtvYPhw02vZhQQ9,0.8987055381905554,2,66Q3fAmSX5eHamgbKa9alP,Real Friends,Kanye West,-0.0745676618867033,-1.6088603611555847,0.7875273531671397,-0.3061754465830724,0.1899731095319519,-0.3497787574125121,0.4414286343617741,-1.1052552241351317,2.6681604613235614,-1.2557307886719422,-1.8184887590725272,0,-0.3280151358166751,cloudy
5SkRLpaGtvYPhw02vZhQQ9,0.8949952338421457,3,2UOYzhusMTypF7oAQwksCj,Hood Politics,Kendrick Lamar,-0.5070396728581961,0.3795040243614664,0.335036425988614,-0.3082535853490921,0.1899731095319519,-0.4679093581022214,0.3431775507553532,-1.1052552241351317,1.8724526124108571,-1.0316102921961523,-0.7555650798856935,0,-0.4272719704080058,cloudy
5SkRLpaGtvYPhw02vZhQQ9,0.8779646917067699,4,5QL2vDlHHynOfKlBp6mY04,LONELY AT THE TOP,Joey Bada$$,-0.6833551850234969,-1.3825982069415756,0.5040390614408341,-0.3082535853490921,0.4660044310009456,-0.211959723274518,-0.2263032523137103,-1.1052552241351317,2.5090188915410203,-1.2543205768310113,-0.4041494961545361,0,-0.3762978545844025,cloudy
5SkRLpaGtvYPhw02vZhQQ9,0.8673533043949916,5,6onwlDmIVKE8bBgyBRSuS0,FRIENDS (feat. kiLL edward),"J. Cole, kiLL edward",-0.6696787197192702,0.2698011617122497,0.2859711447282919,-0.3082535853490921,0.1899731095319519,-0.5335374695965044,-0.0783008238237833,-1.1052552241351317,2.0315941821933983,-0.2966491551957418,-0.1959032243138503,0,-0.1257803251375912,cloudy
3ZOEytgrvLwQaqXreDs2Jx,0.953564384209488,1,0HriJqzc3lu73JzL2pS1sD,Wish (feat. Trippie Redd),"Diplo, Trippie Redd",-0.7665228794410915,-0.7243810310462762,1.6543473220994966,-0.3082535853490921,1.018067073938933,0.0505527227026137,0.8835585105906681,0.904768399337362,-0.399293296234914,-0.8241715699362557,0.2596354953376498,0,-0.372715632597943,cloudy
3ZOEytgrvLwQaqXreDs2Jx,0.949665364799232,2,5twtkwNqXqaz7gp9zZ4Db4,Livin' On a High Wire,"Adam Hicks, Bridgit Mendler, Naomi Scott",-0.9032875324833584,-1.0260639033316217,1.7415744887845137,-0.3082475467783322,0.4660044310009456,-0.1332059894813784,1.536271123339057,0.904768399337362,-0.7247378064402101,-1.1334894988507396,0.2856662793177355,0,-0.4087734889780018,cloudy
3ZOEytgrvLwQaqXreDs2Jx,0.9467852718017228,3,1jOBlsvKhdqjZAlUAia4Qz,Lie Lie Lie,Joshua Bassett,-1.0244166589751176,-0.402128872014202,1.2836318636881738,-0.3082535853490921,0.4660044310009456,-0.735015771883953,1.2784402542572388,0.904768399337362,-0.3849705549544854,-0.5812711791885536,1.266159142567631,0,-0.2490921676558293,cloudy
3ZOEytgrvLwQaqXreDs2Jx,0.9435203534308868,4,71o4RblgefcGHIf1MbvJzZ,What Do You Want From Me,Forever The Sickest Kids,-0.9624290040692036,-0.6969553153839719,1.9487390096614288,-0.3082535853490921,0.7420357524699394,0.7068338376454427,1.5325163048572823,0.904768399337362,-0.2520873441860637,-0.5809960159025179,0.5069279431484645,0,-0.2312239779491377,cloudy
3ZOEytgrvLwQaqXreDs2Jx,0.9390768304890325,5,3mwvKOyMmG77zZRunnxp9E,Buddy Holly,Weezer,-1.0329921723550652,-0.82037103586434,1.7470261867023271,-0.307111153043165,0.7420357524699394,-0.4875977915505062,0.9552129632845228,0.904768399337362,-0.8273841189499489,0.1112116255301508,0.9884974467800502,0,0.0157890911996065,cloudy
3qdskG3Sc6E2OddOfyBUpt,0.9600030223401856,1,2Foc5Q5nqNiosCNqttzHof,Get Lucky (Radio Edit) [feat. Pharrell Williams and Nile Rodgers],"Daft Punk, Pharrell Williams, Nile Rodgers",-0.8855450910076049,0.8114590460427573,1.1527911136606488,-0.3082477643844857,0.1899731095319519,-0.592602769941359,-0.4090377517600471,-1.1052552241351317,-0.8170399169140838,-0.0638954106205931,1.383297670478017,0,-0.0083325076650677,cloudy
3qdskG3Sc6E2OddOfyBUpt,0.958647417689071,2,69kOkLUCkxIZYexIgSG8rq,Get Lucky (feat. Pharrell Williams and Nile Rodgers),"Daft Punk, Pharrell Williams, Nile Rodgers",-0.9032875324833584,0.921161908691974,1.054660551140005,-0.3082439562767993,0.1899731095319519,-0.7829242932747795,-0.5460886263447999,-1.1052552241351317,-0.7987386363890916,-0.0637922243883298,1.387636134474698,0,-0.0041161550383614,cloudy
3qdskG3Sc6E2OddOfyBUpt,0.9256925137762664,3,6ztstiyZL6FXzh4aG46ZPD,Boogie Wonderland (with The Emotions),"Earth, Wind & Fire, The Emotions",-0.7314076306869961,0.8663104773673657,0.8529477281809025,-0.2666364084903194,-0.9141521763440228,-0.9135242351484024,-0.9800830625298504,-1.1052552241351317,-0.8417068602303777,0.4750118850796334,1.8214825341427936,0,0.1965419841850095,cloudy
3qdskG3Sc6E2OddOfyBUpt,0.8943377834980373,4,3pY7e7SrjgmWgyDfeZMrDD,Starchild,Jamiroquai,-1.0099269984365855,0.310939735205706,1.9160288221545472,-0.3082535853490921,0.1899731095319519,-0.8098318189874354,0.391990191018416,-1.1052552241351317,-0.7875987265043138,-0.0840855167334368,1.8084671421527505,0,-0.0315121974929285,cloudy
3qdskG3Sc6E2OddOfyBUpt,0.8717934006536038,5,5VJjhHyG8NZ5xdgG6uTb3P,Brick House,Commodores,-0.7683710504281492,1.0720033448346462,0.9946918740440552,-0.2108748316534016,-0.3620895334060354,-1.045436739251911,-0.882770683543873,-1.1052552241351317,-0.644371313700027,-0.3448715210734363,0.3767740232480356,0,-0.1172134328002569,cloudy
